wbs,trigger,num,º¥Ä¡¸¶Å© ÀÌ¸§,Operation ?˜ë‚˜??ê±¸ë¦° ?‰ê·  ?œê°„(ms),ì´ˆë‹¹ ?¤í–‰??Operations,seconds,rocksdb.db.get.micros_p50,rocksdb.db.get.micros_p95,rocksdb.db.get.micros_p99,rocksdb.db.get.micros_p100,rocksdb.db.get.micros_count,rocksdb.db.get.micros_sum,rocksdb.db.write.micros_p50,rocksdb.db.write.micros_p95,rocksdb.db.write.micros_p99,rocksdb.db.write.micros_p100,rocksdb.db.write.micros_count,rocksdb.db.write.micros_sum,rocksdb.compaction.times.micros_p50,rocksdb.compaction.times.micros_p95,rocksdb.compaction.times.micros_p99,rocksdb.compaction.times.micros_p100,rocksdb.compaction.times.micros_count,rocksdb.compaction.times.micros_sum,rocksdb.db.seek.micros_p50,rocksdb.db.seek.micros_p95,rocksdb.db.seek.micros_p99,rocksdb.db.seek.micros_p100,rocksdb.db.seek.micros_count,rocksdb.db.seek.micros_sum
2,1,100000,fillrandom,7.175,555066,0.721,4.889877,14.133561,21.236062,136,360000,2196325,1.235465,3.853131,5.50748,31996,1898191,5360216,132222.2222,163794,163794,163794,34,4194717,23.422731,33.898963,48.508077,181,400000,9657881
2,1,100000,seekrandomwhilewriting,30.296,127628,3.134,4.889877,14.133561,21.236062,136,360000,2196325,1.235465,3.853131,5.50748,31996,1898191,5360216,132222.2222,163794,163794,163794,34,4194717,23.422731,33.898963,48.508077,181,400000,9657881
2,1,100000,readrandomwriterandom,6.019,662690,0.604,4.889877,14.133561,21.236062,136,360000,2196325,1.235465,3.853131,5.50748,31996,1898191,5360216,132222.2222,163794,163794,163794,34,4194717,23.422731,33.898963,48.508077,181,400000,9657881
2,1,1000000,fillrandom,46.349,86291,46.354,17.004998,31.373458,45.080507,968,3600000,64436391,2.888349,13.016677,1258.138075,135428,9016149,289105568,1438000,2775000,4160000,4580120,120,168640170,77.085267,169.086441,267.898124,2194,4000000,347791027
2,1,1000000,seekrandomwhilewriting,105.107,37456,106.792,17.004998,31.373458,45.080507,968,3600000,64436391,2.888349,13.016677,1258.138075,135428,9016149,289105568,1438000,2775000,4160000,4580120,120,168640170,77.085267,169.086441,267.898124,2194,4000000,347791027
2,1,1000000,readrandomwriterandom,17.299,228188,17.529,17.004998,31.373458,45.080507,968,3600000,64436391,2.888349,13.016677,1258.138075,135428,9016149,289105568,1438000,2775000,4160000,4580120,120,168640170,77.085267,169.086441,267.898124,2194,4000000,347791027
2,2,100000,fillrandom,7.386,539996,0.741,5.803906,14.746758,27.987253,214,360000,2585410,1.592168,4.303797,5.711034,24483,1940334,6012684,137000,166659,166659,166659,33,4767757,28.289546,46.80195,50.802951,917,400000,11628529
2,2,100000,seekrandomwhilewriting,36.963,104931,3.812,5.803906,14.746758,27.987253,214,360000,2585410,1.592168,4.303797,5.711034,24483,1940334,6012684,137000,166659,166659,166659,33,4767757,28.289546,46.80195,50.802951,917,400000,11628529
2,2,100000,readrandomwriterandom,7.062,560425,0.714,5.803906,14.746758,27.987253,214,360000,2585410,1.592168,4.303797,5.711034,24483,1940334,6012684,137000,166659,166659,166659,33,4767757,28.289546,46.80195,50.802951,917,400000,11628529
2,2,1000000,fillrandom,51.138,78211,51.144,14.152564,27.356737,32.814056,936,3600000,54505425,2.965402,13.558846,1613.702703,334680,8957193,308483743,1413414.634,2795312.5,3707333.333,4133462,127,169867185,80.077733,167.040529,246.60944,1859,4000000,350005946
2,2,1000000,seekrandomwhilewriting,105.99,36855,108.533,14.152564,27.356737,32.814056,936,3600000,54505425,2.965402,13.558846,1613.702703,334680,8957193,308483743,1413414.634,2795312.5,3707333.333,4133462,127,169867185,80.077733,167.040529,246.60944,1859,4000000,350005946
2,2,1000000,readrandomwriterandom,14.538,273841,14.607,14.152564,27.356737,32.814056,936,3600000,54505425,2.965402,13.558846,1613.702703,334680,8957193,308483743,1413414.634,2795312.5,3707333.333,4133462,127,169867185,80.077733,167.040529,246.60944,1859,4000000,350005946
2,4,100000,fillrandom,7.348,543624,0.736,7.414267,19.438089,31.030049,150,360000,3147733,1.849362,4.643817,5.907509,25638,2010360,6690817,191818.1818,202047,202047,202047,32,5419113,33.4437,50.50091,70.788167,236,400000,14062254
2,4,100000,seekrandomwhilewriting,44.702,86792,4.609,7.414267,19.438089,31.030049,150,360000,3147733,1.849362,4.643817,5.907509,25638,2010360,6690817,191818.1818,202047,202047,202047,32,5419113,33.4437,50.50091,70.788167,236,400000,14062254
2,4,100000,readrandomwriterandom,8.604,463566,0.863,7.414267,19.438089,31.030049,150,360000,3147733,1.849362,4.643817,5.907509,25638,2010360,6690817,191818.1818,202047,202047,202047,32,5419113,33.4437,50.50091,70.788167,236,400000,14062254
2,4,1000000,fillrandom,47.544,84107,47.558,21.067348,75.499296,103.22198,1939,3600000,103828926,3.238607,9.483691,1259.928875,89870,8742886,295123277,1433333.333,4483333.333,5342721,5342721,110,170187927,66.886248,239.23382,374.71593,2310,4000000,350639785
2,4,1000000,seekrandomwhilewriting,106.03,37592,106.405,21.067348,75.499296,103.22198,1939,3600000,103828926,3.238607,9.483691,1259.928875,89870,8742886,295123277,1433333.333,4483333.333,5342721,5342721,110,170187927,66.886248,239.23382,374.71593,2310,4000000,350639785
2,4,1000000,readrandomwriterandom,28.068,141665,28.236,21.067348,75.499296,103.22198,1939,3600000,103828926,3.238607,9.483691,1259.928875,89870,8742886,295123277,1433333.333,4483333.333,5342721,5342721,110,170187927,66.886248,239.23382,374.71593,2310,4000000,350639785
2,8,100000,fillrandom,8.111,492651,0.812,11.849133,23.43117,32.411059,148,360000,4517289,2.3401,5.379793,6.608786,20516,2040099,7470880,207037.037,211590,211590,211590,29,5873964,39.782751,62.857291,74.398638,193,400000,16067449
2,8,100000,seekrandomwhilewriting,51.191,76249,5.246,11.849133,23.43117,32.411059,148,360000,4517289,2.3401,5.379793,6.608786,20516,2040099,7470880,207037.037,211590,211590,211590,29,5873964,39.782751,62.857291,74.398638,193,400000,16067449
2,8,100000,readrandomwriterandom,12.094,328875,1.216,11.849133,23.43117,32.411059,148,360000,4517289,2.3401,5.379793,6.608786,20516,2040099,7470880,207037.037,211590,211590,211590,29,5873964,39.782751,62.857291,74.398638,193,400000,16067449
2,8,1000000,fillrandom,44.798,89263,44.811,21.028363,33.004133,38.963277,987,3600000,78154664,2.986065,6.720003,1263.578609,76802,8993503,285455425,1573333.333,2855555.556,4281333.333,4449043,104,163530033,81.733489,174.24271,276.460075,2318,4000000,358944431
2,8,1000000,seekrandomwhilewriting,109.09,36118,110.745,21.028363,33.004133,38.963277,987,3600000,78154664,2.986065,6.720003,1263.578609,76802,8993503,285455425,1573333.333,2855555.556,4281333.333,4449043,104,163530033,81.733489,174.24271,276.460075,2318,4000000,358944431
2,8,1000000,readrandomwriterandom,20.372,190360,21.013,21.028363,33.004133,38.963277,987,3600000,78154664,2.986065,6.720003,1263.578609,76802,8993503,285455425,1573333.333,2855555.556,4281333.333,4449043,104,163530033,81.733489,174.24271,276.460075,2318,4000000,358944431
2,12,100000,fillrandom,10.249,390071,1.025,10.586896,20.617495,30.997519,176,360000,3902547,4.509331,9.20573,9.940318,13102,2271195,12526374,250000,567888.8889,691673,691673,22,7900905,75.596169,169.350402,248.132095,1825,400000,32233123
2,12,100000,seekrandomwhilewriting,102.438,38662,10.346,10.586896,20.617495,30.997519,176,360000,3902547,4.509331,9.20573,9.940318,13102,2271195,12526374,250000,567888.8889,691673,691673,22,7900905,75.596169,169.350402,248.132095,1825,400000,32233123
2,12,100000,readrandomwriterandom,10.35,381285,1.049,10.586896,20.617495,30.997519,176,360000,3902547,4.509331,9.20573,9.940318,13102,2271195,12526374,250000,567888.8889,691673,691673,22,7900905,75.596169,169.350402,248.132095,1825,400000,32233123
2,12,1000000,fillrandom,47.285,84570,47.298,22.6475,96.174522,152.20856,1765,3600000,112970125,2.881094,11.747388,1200.249952,446935,9230389,289523597,1652941.176,2818750,3656000,3988697,92,152434572,78.467859,158.796886,211.367667,1498,4000000,331403821
2,12,1000000,seekrandomwhilewriting,100.49,39341,101.674,22.6475,96.174522,152.20856,1765,3600000,112970125,2.881094,11.747388,1200.249952,446935,9230389,289523597,1652941.176,2818750,3656000,3988697,92,152434572,78.467859,158.796886,211.367667,1498,4000000,331403821
2,12,1000000,readrandomwriterandom,30.051,131794,30.35,22.6475,96.174522,152.20856,1765,3600000,112970125,2.881094,11.747388,1200.249952,446935,9230389,289523597,1652941.176,2818750,3656000,3988697,92,152434572,78.467859,158.796886,211.367667,1498,4000000,331403821
2,16,100000,fillrandom,8.846,452029,0.885,14.120463,28.733653,33.003905,176,360000,5088616,1.707843,3.809741,5.66202,6345,1686874,7267150,206363.6364,228628,228628,228628,12,2514973,28.756211,73.370514,102.919381,1023,400000,13493252
2,16,100000,seekrandomwhilewriting,42.132,91358,4.378,14.120463,28.733653,33.003905,176,360000,5088616,1.707843,3.809741,5.66202,6345,1686874,7267150,206363.6364,228628,228628,228628,12,2514973,28.756211,73.370514,102.919381,1023,400000,13493252
2,16,100000,readrandomwriterandom,13.4,294730,1.357,14.120463,28.733653,33.003905,176,360000,5088616,1.707843,3.809741,5.66202,6345,1686874,7267150,206363.6364,228628,228628,228628,12,2514973,28.756211,73.370514,102.919381,1023,400000,13493252
2,16,1000000,fillrandom,43.029,92938,43.039,24.395976,57.758383,89.07848,1076,3600000,102386747,2.822539,8.647113,1050.530659,333821,9596920,269722850,1659375,3180000,4587250,4587250,72,129306274,70.488278,158.509384,232.421613,2326,4000000,307217741
2,16,1000000,seekrandomwhilewriting,93.454,40587,98.551,24.395976,57.758383,89.07848,1076,3600000,102386747,2.822539,8.647113,1050.530659,333821,9596920,269722850,1659375,3180000,4587250,4587250,72,129306274,70.488278,158.509384,232.421613,2326,4000000,307217741
2,16,1000000,readrandomwriterandom,27.492,143331,27.907,24.395976,57.758383,89.07848,1076,3600000,102386747,2.822539,8.647113,1050.530659,333821,9596920,269722850,1659375,3180000,4587250,4587250,72,129306274,70.488278,158.509384,232.421613,2326,4000000,307217741
2,24,100000,fillrandom,8.595,465166,0.86,11.972787,21.207019,28.757674,191,360000,4360147,2.03245,4.680465,5.899883,7916,1465177,7333355,286690,286690,286690,286690,7,1887925,23.209837,108.231228,157.141933,227,400000,14547092
2,24,100000,seekrandomwhilewriting,45.016,88752,4.507,11.972787,21.207019,28.757674,191,360000,4360147,2.03245,4.680465,5.899883,7916,1465177,7333355,286690,286690,286690,286690,7,1887925,23.209837,108.231228,157.141933,227,400000,14547092
2,24,100000,readrandomwriterandom,11.708,338436,1.182,11.972787,21.207019,28.757674,191,360000,4360147,2.03245,4.680465,5.899883,7916,1465177,7333355,286690,286690,286690,286690,7,1887925,23.209837,108.231228,157.141933,227,400000,14547092
2,24,1000000,fillrandom,35.152,113764,35.16,30.188687,146.088175,216.056459,1770,3600000,156035840,2.713557,14.727148,27.677704,64827,11567093,249483185,1731034.483,2970000,4307037,4307037,58,106900348,72.752415,219.126287,342.153284,2185,4000000,343416796
2,24,1000000,seekrandomwhilewriting,103.146,38417,104.119,30.188687,146.088175,216.056459,1770,3600000,156035840,2.713557,14.727148,27.677704,64827,11567093,249483185,1731034.483,2970000,4307037,4307037,58,106900348,72.752415,219.126287,342.153284,2185,4000000,343416796
2,24,1000000,readrandomwriterandom,42.887,92894,43.059,30.188687,146.088175,216.056459,1770,3600000,156035840,2.713557,14.727148,27.677704,64827,11567093,249483185,1731034.483,2970000,4307037,4307037,58,106900348,72.752415,219.126287,342.153284,2185,4000000,343416796
2,32,100000,fillrandom,9.067,440377,0.908,19.8539,42.563305,49.340901,1034,360000,7203302,2.410357,4.608052,5.860175,5647,1708600,8734240,315000,367588,367588,367588,6,2083020,26.759807,168.67013,233.456548,246,400000,19396377
2,32,100000,seekrandomwhilewriting,58.877,67205,5.952,19.8539,42.563305,49.340901,1034,360000,7203302,2.410357,4.608052,5.860175,5647,1708600,8734240,315000,367588,367588,367588,6,2083020,26.759807,168.67013,233.456548,246,400000,19396377
2,32,100000,readrandomwriterandom,18.887,209710,1.907,19.8539,42.563305,49.340901,1034,360000,7203302,2.410357,4.608052,5.860175,5647,1708600,8734240,315000,367588,367588,367588,6,2083020,26.759807,168.67013,233.456548,246,400000,19396377
2,32,1000000,fillrandom,26.988,145569,27.478,33.855037,173.013685,310.20018,2354,3600000,190998314,2.538372,5.937628,9.830572,106372,14766341,227341654,1955555.556,2872222.222,4759864,4759864,55,108874674,79.917357,289.121638,416.153414,3168,4000000,409681184
2,32,1000000,seekrandomwhilewriting,120.41,32606,122.676,33.855037,173.013685,310.20018,2354,3600000,190998314,2.538372,5.937628,9.830572,106372,14766341,227341654,1955555.556,2872222.222,4759864,4759864,55,108874674,79.917357,289.121638,416.153414,3168,4000000,409681184
2,32,1000000,readrandomwriterandom,49.757,79295,50.444,33.855037,173.013685,310.20018,2354,3600000,190998314,2.538372,5.937628,9.830572,106372,14766341,227341654,1955555.556,2872222.222,4759864,4759864,55,108874674,79.917357,289.121638,416.153414,3168,4000000,409681184
4,1,100000,fillrandom,7.395,540492,0.74,15.722386,36.603461,61.857786,640,360000,6434322,5.726733,9.771918,13.31077,12426,1419322,8987651,409230.7692,567076.9231,585449,585449,24,8627590,54.39457,94.918404,108.584686,1677,400000,21922775
4,1,100000,seekrandomwhilewriting,70.994,55819,7.166,15.722386,36.603461,61.857786,640,360000,6434322,5.726733,9.771918,13.31077,12426,1419322,8987651,409230.7692,567076.9231,585449,585449,24,8627590,54.39457,94.918404,108.584686,1677,400000,21922775
4,1,100000,readrandomwriterandom,18.256,216369,1.849,15.722386,36.603461,61.857786,640,360000,6434322,5.726733,9.771918,13.31077,12426,1419322,8987651,409230.7692,567076.9231,585449,585449,24,8627590,54.39457,94.918404,108.584686,1677,400000,21922775
4,1,1000000,fillrandom,28.851,138615,28.857,13.518436,72.870848,238.933707,3983,3600000,81935922,2.712097,14.985874,30.650982,39252,14901800,245079760,1572580.645,4666666.667,5674629,5674629,100,188846933,96.558886,337.525631,520.606205,24717,4000000,474524963
4,1,1000000,seekrandomwhilewriting,137.157,28547,140.116,13.518436,72.870848,238.933707,3983,3600000,81935922,2.712097,14.985874,30.650982,39252,14901800,245079760,1572580.645,4666666.667,5674629,5674629,100,188846933,96.558886,337.525631,520.606205,24717,4000000,474524963
4,1,1000000,readrandomwriterandom,21.385,184692,21.658,13.518436,72.870848,238.933707,3983,3600000,81935922,2.712097,14.985874,30.650982,39252,14901800,245079760,1572580.645,4666666.667,5674629,5674629,100,188846933,96.558886,337.525631,520.606205,24717,4000000,474524963
4,2,100000,fillrandom,17.225,232094,1.723,4.56174,11.74353,17.650788,893,360000,1949596,4.445927,19.754268,21.656031,7952,1424815,9949475,167500,524470,524470,524470,23,5938710,20.392076,81.229974,136.385772,520,400000,13328806
4,2,100000,seekrandomwhilewriting,43.052,91968,4.349,4.56174,11.74353,17.650788,893,360000,1949596,4.445927,19.754268,21.656031,7952,1424815,9949475,167500,524470,524470,524470,23,5938710,20.392076,81.229974,136.385772,520,400000,13328806
4,2,100000,readrandomwriterandom,5.486,726638,0.55,4.56174,11.74353,17.650788,893,360000,1949596,4.445927,19.754268,21.656031,7952,1424815,9949475,167500,524470,524470,524470,23,5938710,20.392076,81.229974,136.385772,520,400000,13328806
4,2,1000000,fillrandom,28.082,142127,28.144,18.475747,70.160162,96.978669,1937,3600000,97049171,2.590547,9.202478,19.24223,263358,14813997,241505309,1527777.778,5083750,5864385,5864385,103,185342057,94.472063,361.009967,536.104131,24769,4000000,470503361
4,2,1000000,seekrandomwhilewriting,136.441,29108,137.418,18.475747,70.160162,96.978669,1937,3600000,97049171,2.590547,9.202478,19.24223,263358,14813997,241505309,1527777.778,5083750,5864385,5864385,103,185342057,94.472063,361.009967,536.104131,24769,4000000,470503361
4,2,1000000,readrandomwriterandom,25.766,154303,25.923,18.475747,70.160162,96.978669,1937,3600000,97049171,2.590547,9.202478,19.24223,263358,14813997,241505309,1527777.778,5083750,5864385,5864385,103,185342057,94.472063,361.009967,536.104131,24769,4000000,470503361
4,4,100000,fillrandom,5.411,738495,0.542,5.219936,13.129696,19.055577,308,360000,2237387,1.907465,4.701806,5.845758,23829,1408605,4203210,141875,175951,175951,175951,19,2996441,18.702968,33.015778,49.036469,138,400000,8037832
4,4,100000,seekrandomwhilewriting,25.63,154173,2.594,5.219936,13.129696,19.055577,308,360000,2237387,1.907465,4.701806,5.845758,23829,1408605,4203210,141875,175951,175951,175951,19,2996441,18.702968,33.015778,49.036469,138,400000,8037832
4,4,100000,readrandomwriterandom,6.277,632523,0.632,5.219936,13.129696,19.055577,308,360000,2237387,1.907465,4.701806,5.845758,23829,1408605,4203210,141875,175951,175951,175951,19,2996441,18.702968,33.015778,49.036469,138,400000,8037832
4,4,1000000,fillrandom,25.636,155988,25.643,20.719815,67.173255,93.283403,1978,3600000,100159162,3.074512,5.880426,14.281086,56886,14953010,227122395,1974468.085,2845744.681,3663000,3946086,91,172891221,108.399545,226.276846,245.29588,1281,4000000,455852304
4,4,1000000,seekrandomwhilewriting,132.039,30088,132.939,20.719815,67.173255,93.283403,1978,3600000,100159162,3.074512,5.880426,14.281086,56886,14953010,227122395,1974468.085,2845744.681,3663000,3946086,91,172891221,108.399545,226.276846,245.29588,1281,4000000,455852304
4,4,1000000,readrandomwriterandom,26.411,149807,26.701,20.719815,67.173255,93.283403,1978,3600000,100159162,3.074512,5.880426,14.281086,56886,14953010,227122395,1974468.085,2845744.681,3663000,3946086,91,172891221,108.399545,226.276846,245.29588,1281,4000000,455852304
4,8,100000,fillrandom,5.344,747699,0.535,6.760045,18.054757,31.767391,231,360000,2842732,2.247045,5.321809,6.087577,10931,1784636,5398825,210000,244293,244293,244293,13,2970949,29.011366,64.969552,84.69001,1271,400000,12869057
4,8,100000,seekrandomwhilewriting,40.125,98005,4.081,6.760045,18.054757,31.767391,231,360000,2842732,2.247045,5.321809,6.087577,10931,1784636,5398825,210000,244293,244293,244293,13,2970949,29.011366,64.969552,84.69001,1271,400000,12869057
4,8,100000,readrandomwriterandom,7.938,500000,0.8,6.760045,18.054757,31.767391,231,360000,2842732,2.247045,5.321809,6.087577,10931,1784636,5398825,210000,244293,244293,244293,13,2970949,29.011366,64.969552,84.69001,1271,400000,12869057
4,8,1000000,fillrandom,23.156,172677,23.165,17.710949,39.3413,60.924881,952,3600000,71092852,3.054438,5.763067,10.80556,59370,15323388,225623976,2145762.712,2759884,2759884,2759884,89,170148860,118.561038,231.598829,246.645527,1293,4000000,486975629
4,8,1000000,seekrandomwhilewriting,141.329,28097,142.364,17.710949,39.3413,60.924881,952,3600000,71092852,3.054438,5.763067,10.80556,59370,15323388,225623976,2145762.712,2759884,2759884,2759884,89,170148860,118.561038,231.598829,246.645527,1293,4000000,486975629
4,8,1000000,readrandomwriterandom,18.589,207866,19.243,17.710949,39.3413,60.924881,952,3600000,71092852,3.054438,5.763067,10.80556,59370,15323388,225623976,2145762.712,2759884,2759884,2759884,89,170148860,118.561038,231.598829,246.645527,1293,4000000,486975629
4,12,100000,fillrandom,5.684,703459,0.569,6.483672,43.10299,64.209623,967,360000,4434890,2.257002,5.126236,5.940343,2670,2222716,6728791,308500,330065,330065,330065,11,3273986,38.111522,99.71608,137.685472,154,400000,18165296
4,12,100000,seekrandomwhilewriting,54.972,71640,5.583,6.483672,43.10299,64.209623,967,360000,4434890,2.257002,5.126236,5.940343,2670,2222716,6728791,308500,330065,330065,330065,11,3273986,38.111522,99.71608,137.685472,154,400000,18165296
4,12,100000,readrandomwriterandom,11.883,332417,1.203,6.483672,43.10299,64.209623,967,360000,4434890,2.257002,5.126236,5.940343,2670,2222716,6728791,308500,330065,330065,330065,11,3273986,38.111522,99.71608,137.685472,154,400000,18165296
4,12,1000000,fillrandom,26.994,148160,26.998,25.533087,86.765968,198.19868,1686,3600000,120986608,2.542388,10.371173,22.038338,29619,15114671,228675118,1597115.385,4850000,5675539,5675539,75,149099808,90.326504,315.136308,511.926347,24708,4000000,441675706
4,12,1000000,seekrandomwhilewriting,128.433,30700,130.293,25.533087,86.765968,198.19868,1686,3600000,120986608,2.542388,10.371173,22.038338,29619,15114671,228675118,1597115.385,4850000,5675539,5675539,75,149099808,90.326504,315.136308,511.926347,24708,4000000,441675706
4,12,1000000,readrandomwriterandom,31.393,126250,31.683,25.533087,86.765968,198.19868,1686,3600000,120986608,2.542388,10.371173,22.038338,29619,15114671,228675118,1597115.385,4850000,5675539,5675539,75,149099808,90.326504,315.136308,511.926347,24708,4000000,441675706
4,16,100000,fillrandom,7.077,564903,0.708,30.240193,109.110493,158.080054,2183,360000,15111439,2.488852,5.687404,9.348398,2396,2036364,8060842,315000,368399,368399,368399,7,2421103,37.934973,129.707867,161.943185,171,400000,19716492
4,16,100000,seekrandomwhilewriting,59.648,66331,6.03,30.240193,109.110493,158.080054,2183,360000,15111439,2.488852,5.687404,9.348398,2396,2036364,8060842,315000,368399,368399,368399,7,2421103,37.934973,129.707867,161.943185,171,400000,19716492
4,16,100000,readrandomwriterandom,40.068,98784,4.049,30.240193,109.110493,158.080054,2183,360000,15111439,2.488852,5.687404,9.348398,2396,2036364,8060842,315000,368399,368399,368399,7,2421103,37.934973,129.707867,161.943185,171,400000,19716492
4,16,1000000,fillrandom,24.225,165113,24.226,35.185647,104.892737,270.431197,2226,3600000,160705133,2.967763,6.348641,9.96637,18025,14100396,196472485,1955555.556,2838888.889,4436237,4436237,53,107010528,84.561874,213.336789,242.695395,1277,4000000,365233990
4,16,1000000,seekrandomwhilewriting,106.39,37237,107.417,35.185647,104.892737,270.431197,2226,3600000,160705133,2.967763,6.348641,9.96637,18025,14100396,196472485,1955555.556,2838888.889,4436237,4436237,53,107010528,84.561874,213.336789,242.695395,1277,4000000,365233990
4,16,1000000,readrandomwriterandom,41.348,95154,42.037,35.185647,104.892737,270.431197,2226,3600000,160705133,2.967763,6.348641,9.96637,18025,14100396,196472485,1955555.556,2838888.889,4436237,4436237,53,107010528,84.561874,213.336789,242.695395,1277,4000000,365233990
4,24,100000,fillrandom,17.211,232228,1.722,7.485542,17.614546,21.263811,311,360000,3011751,5.936932,19.309585,21.671574,1370,1712653,15598802,973333.3333,1119666,1119666,1119666,4,3441754,44.845697,361.242131,531.614078,1933,400000,35131731
4,24,100000,seekrandomwhilewriting,105.605,37758,10.594,7.485542,17.614546,21.263811,311,360000,3011751,5.936932,19.309585,21.671574,1370,1712653,15598802,973333.3333,1119666,1119666,1119666,4,3441754,44.845697,361.242131,531.614078,1933,400000,35131731
4,24,100000,readrandomwriterandom,8.114,490184,0.816,7.485542,17.614546,21.263811,311,360000,3011751,5.936932,19.309585,21.671574,1370,1712653,15598802,973333.3333,1119666,1119666,1119666,4,3441754,44.845697,361.242131,531.614078,1933,400000,35131731
4,24,1000000,fillrandom,19.785,202154,19.787,34.926319,160.236986,314.36783,2291,3600000,194111558,2.746482,6.4171,9.706626,21867,15211183,170510464,2169230.769,2760639,2760639,2760639,38,77748253,60.029997,223.966976,245.677898,1336,4000000,335004651
4,24,1000000,seekrandomwhilewriting,97.309,40347,99.139,34.926319,160.236986,314.36783,2291,3600000,194111558,2.746482,6.4171,9.706626,21867,15211183,170510464,2169230.769,2760639,2760639,2760639,38,77748253,60.029997,223.966976,245.677898,1336,4000000,335004651
4,24,1000000,readrandomwriterandom,49.48,80724,49.551,34.926319,160.236986,314.36783,2291,3600000,194111558,2.746482,6.4171,9.706626,21867,15211183,170510464,2169230.769,2760639,2760639,2760639,38,77748253,60.029997,223.966976,245.677898,1336,4000000,335004651
4,32,100000,fillrandom,4.668,856556,0.467,11.885204,50.899041,71.384704,114,360000,6408366,1.826878,3.804808,5.307223,3148,1837177,6086163,427500,495918,495918,495918,3,1325154,19.525983,154.690628,217.712352,319,400000,16808231
4,32,100000,seekrandomwhilewriting,49.454,80436,4.973,11.885204,50.899041,71.384704,114,360000,6408366,1.826878,3.804808,5.307223,3148,1837177,6086163,427500,495918,495918,495918,3,1325154,19.525983,154.690628,217.712352,319,400000,16808231
4,32,100000,readrandomwriterandom,16.833,236606,1.691,11.885204,50.899041,71.384704,114,360000,6408366,1.826878,3.804808,5.307223,3148,1837177,6086163,427500,495918,495918,495918,3,1325154,19.525983,154.690628,217.712352,319,400000,16808231
4,32,1000000,fillrandom,19.048,209961,19.051,36.093551,266.313907,505.290176,2558,3600000,243623038,2.683542,6.761368,9.676824,23505,18467889,179785119,2381481.481,3810000,5295749,5295749,34,81817344,60.887575,290.126507,362.515374,1777,4000000,389805071
4,32,1000000,seekrandomwhilewriting,112.088,35213,113.592,36.093551,266.313907,505.290176,2558,3600000,243623038,2.683542,6.761368,9.676824,23505,18467889,179785119,2381481.481,3810000,5295749,5295749,34,81817344,60.887575,290.126507,362.515374,1777,4000000,389805071
4,32,1000000,readrandomwriterandom,61.89,64125,62.377,36.093551,266.313907,505.290176,2558,3600000,243623038,2.683542,6.761368,9.676824,23505,18467889,179785119,2381481.481,3810000,5295749,5295749,34,81817344,60.887575,290.126507,362.515374,1777,4000000,389805071
8,1,100000,fillrandom,5.922,674968,0.593,4.833971,11.034264,17.153846,258,360000,2068802,2.664934,5.895583,8.991583,12532,1118254,4066558,155000,181503,181503,181503,18,2864656,14.416003,29.788391,42.944207,982,400000,6473682
8,1,100000,seekrandomwhilewriting,20.874,186892,2.14,4.833971,11.034264,17.153846,258,360000,2068802,2.664934,5.895583,8.991583,12532,1118254,4066558,155000,181503,181503,181503,18,2864656,14.416003,29.788391,42.944207,982,400000,6473682
8,1,100000,readrandomwriterandom,5.934,670735,0.596,4.833971,11.034264,17.153846,258,360000,2068802,2.664934,5.895583,8.991583,12532,1118254,4066558,155000,181503,181503,181503,18,2864656,14.416003,29.788391,42.944207,982,400000,6473682
8,1,1000000,fillrandom,13.659,292815,13.66,14.169357,27.54687,70.745865,954,3600000,58026006,2.662386,9.481288,14.128083,93539,25233574,194868263,1971428.571,5497777.778,6299555.556,6307426,82,184791927,106.171001,394.867936,543.306089,24699,4000000,548845837
8,1,1000000,seekrandomwhilewriting,156.378,25358,157.736,14.169357,27.54687,70.745865,954,3600000,58026006,2.662386,9.481288,14.128083,93539,25233574,194868263,1971428.571,5497777.778,6299555.556,6307426,82,184791927,106.171001,394.867936,543.306089,24699,4000000,548845837
8,1,1000000,readrandomwriterandom,15.394,253999,15.748,14.169357,27.54687,70.745865,954,3600000,58026006,2.662386,9.481288,14.128083,93539,25233574,194868263,1971428.571,5497777.778,6299555.556,6307426,82,184791927,106.171001,394.867936,543.306089,24699,4000000,548845837
8,2,100000,fillrandom,5.92,675408,0.592,5.05481,10.920903,14.818905,328,360000,2104805,2.7113,5.911861,9.104963,10758,1089774,4018129,183333.3333,189784,189784,189784,15,2484707,14.016715,30.052118,43.217759,174,400000,6305766
8,2,100000,seekrandomwhilewriting,20.255,192741,2.075,5.05481,10.920903,14.818905,328,360000,2104805,2.7113,5.911861,9.104963,10758,1089774,4018129,183333.3333,189784,189784,189784,15,2484707,14.016715,30.052118,43.217759,174,400000,6305766
8,2,100000,readrandomwriterandom,6.037,661162,0.605,5.05481,10.920903,14.818905,328,360000,2104805,2.7113,5.911861,9.104963,10758,1089774,4018129,183333.3333,189784,189784,189784,15,2484707,14.016715,30.052118,43.217759,174,400000,6305766
8,2,1000000,fillrandom,21.473,186269,21.474,12.527025,73.093997,278.970048,2188,3600000,83798339,2.624174,13.296758,20.905948,85056,24240657,216785715,2228571.429,5991250,6783868,6783868,77,187600133,104.439136,394.478186,543.248968,24622,4000000,514304829
8,2,1000000,seekrandomwhilewriting,146.274,27006,148.114,12.527025,73.093997,278.970048,2188,3600000,83798339,2.624174,13.296758,20.905948,85056,24240657,216785715,2228571.429,5991250,6783868,6783868,77,187600133,104.439136,394.478186,543.248968,24622,4000000,514304829
8,2,1000000,readrandomwriterandom,22.064,179095,22.334,12.527025,73.093997,278.970048,2188,3600000,83798339,2.624174,13.296758,20.905948,85056,24240657,216785715,2228571.429,5991250,6783868,6783868,77,187600133,104.439136,394.478186,543.248968,24622,4000000,514304829
8,4,100000,fillrandom,5.916,675607,0.592,6.958381,19.086024,21.820547,227,360000,2989445,2.79586,5.885545,9.000595,9003,1202096,4486823,258439,258439,258439,258439,8,1905076,18.708041,41.365355,49.991786,1018,400000,8356667
8,4,100000,seekrandomwhilewriting,26.394,148787,2.688,6.958381,19.086024,21.820547,227,360000,2989445,2.79586,5.885545,9.000595,9003,1202096,4486823,258439,258439,258439,258439,8,1905076,18.708041,41.365355,49.991786,1018,400000,8356667
8,4,100000,readrandomwriterandom,8.25,476290,0.84,6.958381,19.086024,21.820547,227,360000,2989445,2.79586,5.885545,9.000595,9003,1202096,4486823,258439,258439,258439,258439,8,1905076,18.708041,41.365355,49.991786,1018,400000,8356667
8,4,1000000,fillrandom,14.621,272150,14.698,19.314891,70.486904,103.087813,1696,3600000,98306231,2.659007,9.563447,14.213086,91643,24871590,199102353,2258974.359,5686000,6337200,6469075,74,180240958,108.77606,381.480876,541.036513,24848,4000000,546747823
8,4,1000000,seekrandomwhilewriting,155.851,25438,157.245,19.314891,70.486904,103.087813,1696,3600000,98306231,2.659007,9.563447,14.213086,91643,24871590,199102353,2258974.359,5686000,6337200,6469075,74,180240958,108.77606,381.480876,541.036513,24848,4000000,546747823
8,4,1000000,readrandomwriterandom,25.959,153131,26.121,19.314891,70.486904,103.087813,1696,3600000,98306231,2.659007,9.563447,14.213086,91643,24871590,199102353,2258974.359,5686000,6337200,6469075,74,180240958,108.77606,381.480876,541.036513,24848,4000000,546747823
8,8,100000,fillrandom,6.874,581634,0.688,8.34573,32.769059,49.970975,190,360000,4494070,2.660358,7.856546,9.719074,201,1667091,6255819,315000,361568,361568,361568,6,2032092,29.455679,71.12017,95.072064,909,400000,13556717
8,8,100000,seekrandomwhilewriting,41.117,94249,4.244,8.34573,32.769059,49.970975,190,360000,4494070,2.660358,7.856546,9.719074,201,1667091,6255819,315000,361568,361568,361568,6,2032092,29.455679,71.12017,95.072064,909,400000,13556717
8,8,100000,readrandomwriterandom,12.596,309942,1.291,8.34573,32.769059,49.970975,190,360000,4494070,2.660358,7.856546,9.719074,201,1667091,6255819,315000,361568,361568,361568,6,2032092,29.455679,71.12017,95.072064,909,400000,13556717
8,8,1000000,fillrandom,11.792,339178,11.793,16.346606,48.136293,68.909187,972,3600000,73064055,2.668635,9.730115,14.335736,110488,25295636,189505259,2157575.758,5697000,6279897,6279897,73,174692642,108.443428,424.955898,549.679655,28240,4000000,559348987
8,8,1000000,seekrandomwhilewriting,159.995,24957,160.271,16.346606,48.136293,68.909187,972,3600000,73064055,2.668635,9.730115,14.335736,110488,25295636,189505259,2157575.758,5697000,6279897,6279897,73,174692642,108.443428,424.955898,549.679655,28240,4000000,559348987
8,8,1000000,readrandomwriterandom,19.145,207771,19.252,16.346606,48.136293,68.909187,972,3600000,73064055,2.668635,9.730115,14.335736,110488,25295636,189505259,2157575.758,5697000,6279897,6279897,73,174692642,108.443428,424.955898,549.679655,28240,4000000,559348987
8,12,100000,fillrandom,22.378,178715,2.238,3.570075,14.90097,33.394617,119,360000,1915333,7.566693,21.692082,31.414924,1911,2050530,19328300,916666.6667,1028681,1028681,1028681,5,4187496,91.373451,241.67049,343.012552,1817,400000,43596106
8,12,100000,seekrandomwhilewriting,130.492,30391,13.161,3.570075,14.90097,33.394617,119,360000,1915333,7.566693,21.692082,31.414924,1911,2050530,19328300,916666.6667,1028681,1028681,1028681,5,4187496,91.373451,241.67049,343.012552,1817,400000,43596106
8,12,100000,readrandomwriterandom,5.326,745812,0.536,3.570075,14.90097,33.394617,119,360000,1915333,7.566693,21.692082,31.414924,1911,2050530,19328300,916666.6667,1028681,1028681,1028681,5,4187496,91.373451,241.67049,343.012552,1817,400000,43596106
8,12,1000000,fillrandom,20.507,195035,20.509,37.583817,75.525569,102.710342,1683,3600000,139132133,2.555532,12.499388,21.014229,38035,23537991,207876581,2266666.667,5436666.667,6287333.333,6342139,58,140088792,100.12315,368.256445,536.99078,24737,4000000,488058412
8,12,1000000,seekrandomwhilewriting,139.114,28337,141.154,37.583817,75.525569,102.710342,1683,3600000,139132133,2.555532,12.499388,21.014229,38035,23537991,207876581,2266666.667,5436666.667,6287333.333,6342139,58,140088792,100.12315,368.256445,536.99078,24737,4000000,488058412
8,12,1000000,readrandomwriterandom,36.221,109689,36.467,37.583817,75.525569,102.710342,1683,3600000,139132133,2.555532,12.499388,21.014229,38035,23537991,207876581,2266666.667,5436666.667,6287333.333,6342139,58,140088792,100.12315,368.256445,536.99078,24737,4000000,488058412
8,16,100000,fillrandom,4.48,892148,0.448,6.28526,21.774882,31.565409,137,360000,3162928,1.952545,3.90634,5.590709,1361,2321054,6274463,443333.3333,471878,471878,471878,4,1647578,40.367811,104.991707,149.063919,983,400000,18949801
8,16,100000,seekrandomwhilewriting,55.138,72328,5.53,6.28526,21.774882,31.565409,137,360000,3162928,1.952545,3.90634,5.590709,1361,2321054,6274463,443333.3333,471878,471878,471878,4,1647578,40.367811,104.991707,149.063919,983,400000,18949801
8,16,100000,readrandomwriterandom,8.669,457497,0.874,6.28526,21.774882,31.565409,137,360000,3162928,1.952545,3.90634,5.590709,1361,2321054,6274463,443333.3333,471878,471878,471878,4,1647578,40.367811,104.991707,149.063919,983,400000,18949801
8,16,1000000,fillrandom,20.09,199074,20.093,24.896922,152.353726,244.70984,2171,3600000,146244142,2.620854,13.491715,21.597352,45119,19559885,190415747,2311764.706,6642026,6642026,6642026,36,92646143,83.486217,361.996852,536.480254,24673,4000000,430392046
8,16,1000000,seekrandomwhilewriting,122.809,32423,123.367,24.896922,152.353726,244.70984,2171,3600000,146244142,2.620854,13.491715,21.597352,45119,19559885,190415747,2311764.706,6642026,6642026,6642026,36,92646143,83.486217,361.996852,536.480254,24673,4000000,430392046
8,16,1000000,readrandomwriterandom,37.611,105103,38.058,24.896922,152.353726,244.70984,2171,3600000,146244142,2.620854,13.491715,21.597352,45119,19559885,190415747,2311764.706,6642026,6642026,6642026,36,92646143,83.486217,361.996852,536.480254,24673,4000000,430392046
8,24,100000,fillrandom,5.122,780519,0.512,6.863758,21.358338,31.040299,149,360000,3237357,2.388601,5.282794,5.904664,1360,1782427,6571209,666074,666074,666074,666074,2,1242023,21.755856,147.169109,165.583902,1083,400000,18282334
8,24,100000,seekrandomwhilewriting,53.246,74845,5.344,6.863758,21.358338,31.040299,149,360000,3237357,2.388601,5.282794,5.904664,1360,1782427,6571209,666074,666074,666074,666074,2,1242023,21.755856,147.169109,165.583902,1083,400000,18282334
8,24,100000,readrandomwriterandom,8.866,449653,0.89,6.863758,21.358338,31.040299,149,360000,3237357,2.388601,5.282794,5.904664,1360,1782427,6571209,666074,666074,666074,666074,2,1242023,21.755856,147.169109,165.583902,1083,400000,18282334
8,24,1000000,fillrandom,10.546,375087,10.664,71.006984,288.594324,474.375974,2036,3600000,319104017,2.650865,9.315913,14.479425,24765,17577447,139619527,2361538.462,7882398,7882398,7882398,22,63973406,60.616826,306.48906,537.171211,24834,4000000,371771401
8,24,1000000,seekrandomwhilewriting,106.345,37057,107.94,71.006984,288.594324,474.375974,2036,3600000,319104017,2.650865,9.315913,14.479425,24765,17577447,139619527,2361538.462,7882398,7882398,7882398,22,63973406,60.616826,306.48906,537.171211,24834,4000000,371771401
8,24,1000000,readrandomwriterandom,80.998,49255,81.209,71.006984,288.594324,474.375974,2036,3600000,319104017,2.650865,9.315913,14.479425,24765,17577447,139619527,2361538.462,7882398,7882398,7882398,22,63973406,60.616826,306.48906,537.171211,24834,4000000,371771401
8,32,100000,fillrandom,5.498,727248,0.55,7.818913,19.768969,23.344956,196,360000,3293868,2.486357,5.354206,5.951665,1393,2263330,8730146,860000,917987,917987,917987,2,1730653,40.443863,213.174311,242.659925,963,400000,26654713
8,32,100000,seekrandomwhilewriting,76.131,52451,7.626,7.818913,19.768969,23.344956,196,360000,3293868,2.486357,5.354206,5.951665,1393,2263330,8730146,860000,917987,917987,917987,2,1730653,40.443863,213.174311,242.659925,963,400000,26654713
8,32,100000,readrandomwriterandom,9.119,434470,0.921,7.818913,19.768969,23.344956,196,360000,3293868,2.486357,5.354206,5.951665,1393,2263330,8730146,860000,917987,917987,917987,2,1730653,40.443863,213.174311,242.659925,963,400000,26654713
8,32,1000000,fillrandom,10.107,395635,10.11,46.175364,158.113743,234.18304,2140,3600000,206651122,2.462444,9.766983,17.616336,33305,21847988,152475155,2361538.462,8150000,8264190,8264190,20,57874816,62.102421,338.895192,765.945116,25407,4000000,434274256
8,32,1000000,seekrandomwhilewriting,123.228,31947,125.205,46.175364,158.113743,234.18304,2140,3600000,206651122,2.462444,9.766983,17.616336,33305,21847988,152475155,2361538.462,8150000,8264190,8264190,20,57874816,62.102421,338.895192,765.945116,25407,4000000,434274256
8,32,1000000,readrandomwriterandom,52.744,73530,54.399,46.175364,158.113743,234.18304,2140,3600000,206651122,2.462444,9.766983,17.616336,33305,21847988,152475155,2361538.462,8150000,8264190,8264190,20,57874816,62.102421,338.895192,765.945116,25407,4000000,434274256
16,1,100000,fillrandom,7.936,503728,0.794,16.292258,32.646912,46.359952,1957,360000,5997903,5.667062,10.998451,18.052685,215,830800,5069959,215000,496323,496323,496323,11,2587100,10.992185,31.978437,45.817346,135,400000,5755994
16,1,100000,seekrandomwhilewriting,18.81,207274,1.93,16.292258,32.646912,46.359952,1957,360000,5997903,5.667062,10.998451,18.052685,215,830800,5069959,215000,496323,496323,496323,11,2587100,10.992185,31.978437,45.817346,135,400000,5755994
16,1,100000,readrandomwriterandom,17.778,221733,1.804,16.292258,32.646912,46.359952,1957,360000,5997903,5.667062,10.998451,18.052685,215,830800,5069959,215000,496323,496323,496323,11,2587100,10.992185,31.978437,45.817346,135,400000,5755994
16,1,1000000,fillrandom,15.715,254509,15.717,13.227278,49.37635,73.361862,1016,3600000,65238238,2.705845,16.370551,21.271457,139762,34314884,180775482,2372972.973,7361471,7361471,7361471,63,173135702,98.885763,345.641277,503.747464,24648,4000000,500159955
16,1,1000000,seekrandomwhilewriting,141.822,28041,142.647,13.227278,49.37635,73.361862,1016,3600000,65238238,2.705845,16.370551,21.271457,139762,34314884,180775482,2372972.973,7361471,7361471,7361471,63,173135702,98.885763,345.641277,503.747464,24648,4000000,500159955
16,1,1000000,readrandomwriterandom,17.508,220732,18.121,13.227278,49.37635,73.361862,1016,3600000,65238238,2.705845,16.370551,21.271457,139762,34314884,180775482,2372972.973,7361471,7361471,7361471,63,173135702,98.885763,345.641277,503.747464,24648,4000000,500159955
16,2,100000,fillrandom,20.219,197792,2.022,11.802534,27.06058,42.534979,1634,360000,4674625,9.780779,21.963486,31.927172,1614,890069,11297643,456000,482714,482714,482714,6,2694267,27.75712,56.082675,72.3733,210,400000,12010099
16,2,100000,seekrandomwhilewriting,39.643,98792,4.049,11.802534,27.06058,42.534979,1634,360000,4674625,9.780779,21.963486,31.927172,1614,890069,11297643,456000,482714,482714,482714,6,2694267,27.75712,56.082675,72.3733,210,400000,12010099
16,2,100000,readrandomwriterandom,13.821,281253,1.422,11.802534,27.06058,42.534979,1634,360000,4674625,9.780779,21.963486,31.927172,1614,890069,11297643,456000,482714,482714,482714,6,2694267,27.75712,56.082675,72.3733,210,400000,12010099
16,2,1000000,fillrandom,12.449,321294,12.45,15.800147,67.131165,98.206183,24322,3600000,82771859,2.788413,14.066196,26.802481,118170,32300862,165285800,2425641.026,6844651,6844651,6844651,59,163636289,97.211617,328.988391,404.718801,24765,4000000,488301137
16,2,1000000,seekrandomwhilewriting,138.723,28546,140.122,15.800147,67.131165,98.206183,24322,3600000,82771859,2.788413,14.066196,26.802481,118170,32300862,165285800,2425641.026,6844651,6844651,6844651,59,163636289,97.211617,328.988391,404.718801,24765,4000000,488301137
16,2,1000000,readrandomwriterandom,22.149,176645,22.644,15.800147,67.131165,98.206183,24322,3600000,82771859,2.788413,14.066196,26.802481,118170,32300862,165285800,2425641.026,6844651,6844651,6844651,59,163636289,97.211617,328.988391,404.718801,24765,4000000,488301137
16,4,100000,fillrandom,18.901,211454,1.892,3.082301,12.587417,18.252877,41,360000,1635685,6.421163,21.052828,23.825026,340,1084148,9531533,427500,531471,531471,531471,3,1224780,13.050403,72.494584,102.397334,279,400000,9048162
16,4,100000,seekrandomwhilewriting,28.652,136747,2.925,3.082301,12.587417,18.252877,41,360000,1635685,6.421163,21.052828,23.825026,340,1084148,9531533,427500,531471,531471,531471,3,1224780,13.050403,72.494584,102.397334,279,400000,9048162
16,4,100000,readrandomwriterandom,4.683,846659,0.472,3.082301,12.587417,18.252877,41,360000,1635685,6.421163,21.052828,23.825026,340,1084148,9531533,427500,531471,531471,531471,3,1224780,13.050403,72.494584,102.397334,279,400000,9048162
16,4,1000000,fillrandom,14.903,268389,14.904,21.41246,76.982765,107.325421,2002,3600000,96495123,2.961667,15.310173,30.601738,131053,32364157,182484249,2488235.294,7059538,7059538,7059538,56,169066919,103.159492,340.254112,473.645607,24641,4000000,525117381
16,4,1000000,seekrandomwhilewriting,148.896,26817,149.155,21.41246,76.982765,107.325421,2002,3600000,96495123,2.961667,15.310173,30.601738,131053,32364157,182484249,2488235.294,7059538,7059538,7059538,56,169066919,103.159492,340.254112,473.645607,24641,4000000,525117381
16,4,1000000,readrandomwriterandom,25.563,155427,25.736,21.41246,76.982765,107.325421,2002,3600000,96495123,2.961667,15.310173,30.601738,131053,32364157,182484249,2488235.294,7059538,7059538,7059538,56,169066919,103.159492,340.254112,473.645607,24641,4000000,525117381
16,8,100000,fillrandom,4.683,853247,0.469,4.193791,16.748385,23.678139,114,360000,2184981,2.28578,5.013294,5.846486,72,1370694,4067330,315000,373500,377334,377334,2,652040,18.67284,48.995448,68.296399,942,400000,8923968
16,8,100000,seekrandomwhilewriting,26.893,147905,2.704,4.193791,16.748385,23.678139,114,360000,2184981,2.28578,5.013294,5.846486,72,1370694,4067330,315000,373500,377334,377334,2,652040,18.67284,48.995448,68.296399,942,400000,8923968
16,8,100000,readrandomwriterandom,6.201,640707,0.624,4.193791,16.748385,23.678139,114,360000,2184981,2.28578,5.013294,5.846486,72,1370694,4067330,315000,373500,377334,377334,2,652040,18.67284,48.995448,68.296399,942,400000,8923968
16,8,1000000,fillrandom,7.703,519120,7.705,25.636506,105.470228,155.53305,2046,3600000,124760337,2.726248,10.124379,14.221989,109850,33433919,147562218,2400000,6931695,6931695,6931695,54,148330892,96.785609,331.470351,451.969953,24649,4000000,484078972
16,8,1000000,seekrandomwhilewriting,137.517,28605,139.834,25.636506,105.470228,155.53305,2046,3600000,124760337,2.726248,10.124379,14.221989,109850,33433919,147562218,2400000,6931695,6931695,6931695,54,148330892,96.785609,331.470351,451.969953,24649,4000000,484078972
16,8,1000000,readrandomwriterandom,32.479,121446,32.936,25.636506,105.470228,155.53305,2046,3600000,124760337,2.726248,10.124379,14.221989,109850,33433919,147562218,2400000,6931695,6931695,6931695,54,148330892,96.785609,331.470351,451.969953,24649,4000000,484078972
16,12,100000,fillrandom,5.429,736642,0.543,4.826713,17.17221,21.64843,200,360000,2351118,2.551977,5.445373,5.961439,152,1863611,6099967,478942,560500,567905,567905,2,1046847,35.392319,85.408317,105.114178,127,400000,15848556
16,12,100000,seekrandomwhilewriting,46.361,83270,4.804,4.826713,17.17221,21.64843,200,360000,2351118,2.551977,5.445373,5.961439,152,1863611,6099967,478942,560500,567905,567905,2,1046847,35.392319,85.408317,105.114178,127,400000,15848556
16,12,100000,readrandomwriterandom,6.63,600670,0.666,4.826713,17.17221,21.64843,200,360000,2351118,2.551977,5.445373,5.961439,152,1863611,6099967,478942,560500,567905,567905,2,1046847,35.392319,85.408317,105.114178,127,400000,15848556
16,12,1000000,fillrandom,9.282,430850,9.284,21.681502,56.640304,254.191968,2183,3600000,103226794,2.798128,11.153685,14.454008,27934,29728884,157608072,2500000,7781307,7781307,7781307,36,115706963,95.119875,364.753185,532.360407,24687,4000000,495256581
16,12,1000000,seekrandomwhilewriting,140.056,28133,142.179,21.681502,56.640304,254.191968,2183,3600000,103226794,2.798128,11.153685,14.454008,27934,29728884,157608072,2500000,7781307,7781307,7781307,36,115706963,95.119875,364.753185,532.360407,24687,4000000,495256581
16,12,1000000,readrandomwriterandom,26.687,146894,27.23,21.681502,56.640304,254.191968,2183,3600000,103226794,2.798128,11.153685,14.454008,27934,29728884,157608072,2500000,7781307,7781307,7781307,36,115706963,95.119875,364.753185,532.360407,24687,4000000,495256581
16,16,100000,fillrandom,5.938,673395,0.594,4.806565,20.87358,34.925242,99,360000,2574121,2.646068,5.634458,8.117677,124,2023041,6978418,654601,654601,654601,654601,1,654601,43.179112,101.452148,136.183357,197,400000,19175222
16,16,100000,seekrandomwhilewriting,55.441,70987,5.635,4.806565,20.87358,34.925242,99,360000,2574121,2.646068,5.634458,8.117677,124,2023041,6978418,654601,654601,654601,654601,1,654601,43.179112,101.452148,136.183357,197,400000,19175222
16,16,100000,readrandomwriterandom,7.214,551632,0.725,4.806565,20.87358,34.925242,99,360000,2574121,2.646068,5.634458,8.117677,124,2023041,6978418,654601,654601,654601,654601,1,654601,43.179112,101.452148,136.183357,197,400000,19175222
16,16,1000000,fillrandom,16.439,243298,16.441,39.533307,157.831077,235.056282,1838,3600000,171819935,2.722414,14.522164,21.145163,26264,23549205,171858628,2493750,8537764,8537764,8537764,21,71265286,83.878383,345.111352,531.814118,24723,4000000,435332320
16,16,1000000,seekrandomwhilewriting,123.07,32282,123.907,39.533307,157.831077,235.056282,1838,3600000,171819935,2.722414,14.522164,21.145163,26264,23549205,171858628,2493750,8537764,8537764,8537764,21,71265286,83.878383,345.111352,531.814118,24723,4000000,435332320
16,16,1000000,readrandomwriterandom,44.05,90387,44.254,39.533307,157.831077,235.056282,1838,3600000,171819935,2.722414,14.522164,21.145163,26264,23549205,171858628,2493750,8537764,8537764,8537764,21,71265286,83.878383,345.111352,531.814118,24723,4000000,435332320
16,24,100000,fillrandom,5.954,671522,0.596,9.375401,48.555634,79.941401,324,360000,5485711,2.741657,5.823371,9.633812,1119,1901209,7827160,1040032,1040032,1040032,1040032,1,1040032,36.511798,151.19223,167.408446,1021,400000,21312792
16,24,100000,seekrandomwhilewriting,61.412,64318,6.219,9.375401,48.555634,79.941401,324,360000,5485711,2.741657,5.823371,9.633812,1119,1901209,7827160,1040032,1040032,1040032,1040032,1,1040032,36.511798,151.19223,167.408446,1021,400000,21312792
16,24,100000,readrandomwriterandom,15.533,254296,1.573,9.375401,48.555634,79.941401,324,360000,5485711,2.741657,5.823371,9.633812,1119,1901209,7827160,1040032,1040032,1040032,1040032,1,1040032,36.511798,151.19223,167.408446,1021,400000,21312792
16,24,1000000,fillrandom,9.336,428322,9.339,18.604222,46.77605,57.743983,1007,3600000,76803052,2.845106,11.050946,14.494509,25247,19956239,134409145,3180000,6945616,6945616,6945616,12,39357662,66.029166,319.950791,529.782317,24796,4000000,384963303
16,24,1000000,seekrandomwhilewriting,109.125,36088,110.838,18.604222,46.77605,57.743983,1007,3600000,76803052,2.845106,11.050946,14.494509,25247,19956239,134409145,3180000,6945616,6945616,6945616,12,39357662,66.029166,319.950791,529.782317,24796,4000000,384963303
16,24,1000000,readrandomwriterandom,20.042,197927,20.209,18.604222,46.77605,57.743983,1007,3600000,76803052,2.845106,11.050946,14.494509,25247,19956239,134409145,3180000,6945616,6945616,6945616,12,39357662,66.029166,319.950791,529.782317,24796,4000000,384963303
16,32,100000,fillrandom,22.788,175472,2.28,3.572844,12.759465,17.877308,194,360000,1799711,6.828088,24.403549,32.346579,1900,2380493,20368303,968101,968101,968101,968101,1,968101,110.019209,340.875838,420.056022,1926,400000,48440792
16,32,100000,seekrandomwhilewriting,138.437,28829,13.875,3.572844,12.759465,17.877308,194,360000,1799711,6.828088,24.403549,32.346579,1900,2380493,20368303,968101,968101,968101,968101,1,968101,110.019209,340.875838,420.056022,1926,400000,48440792
16,32,100000,readrandomwriterandom,5.15,757265,0.528,3.572844,12.759465,17.877308,194,360000,1799711,6.828088,24.403549,32.346579,1900,2380493,20368303,968101,968101,968101,968101,1,968101,110.019209,340.875838,420.056022,1926,400000,48440792
16,32,1000000,fillrandom,14.464,276521,14.465,65.238936,258.825647,530.074717,2196,3600000,331214620,2.575755,15.818777,22.651782,25248,23710120,168309553,4066666.667,11558262,11558262,11558262,10,56530405,68.166638,245.645803,801.192705,25011,4000000,438088555
16,32,1000000,seekrandomwhilewriting,123.805,32015,124.938,65.238936,258.825647,530.074717,2196,3600000,331214620,2.575755,15.818777,22.651782,25248,23710120,168309553,4066666.667,11558262,11558262,11558262,10,56530405,68.166638,245.645803,801.192705,25011,4000000,438088555
16,32,1000000,readrandomwriterandom,83.954,46988,85.128,65.238936,258.825647,530.074717,2196,3600000,331214620,2.575755,15.818777,22.651782,25248,23710120,168309553,4066666.667,11558262,11558262,11558262,10,56530405,68.166638,245.645803,801.192705,25011,4000000,438088555
32,1,100000,fillrandom,5.777,692255,0.578,3.505382,8.561927,13.036796,197,360000,1485270,3.580041,7.229222,9.550854,1190,735783,3097712,170000,184387,184387,184387,4,681306,6.287454,13.732375,19.466144,1205,400000,2976184
32,1,100000,seekrandomwhilewriting,9.801,403849,0.99,3.505382,8.561927,13.036796,197,360000,1485270,3.580041,7.229222,9.550854,1190,735783,3097712,170000,184387,184387,184387,4,681306,6.287454,13.732375,19.466144,1205,400000,2976184
32,1,100000,readrandomwriterandom,4.439,871902,0.459,3.505382,8.561927,13.036796,197,360000,1485270,3.580041,7.229222,9.550854,1190,735783,3097712,170000,184387,184387,184387,4,681306,6.287454,13.732375,19.466144,1205,400000,2976184
32,1,1000000,fillrandom,6.609,605214,6.609,9.230071,24.816645,43.774516,965,3600000,42481351,3.309631,12.230567,14.646256,84191,19197784,95423764,2233333.333,6707819,6707819,6707819,36,94437797,52.535002,177.146586,235.863529,24508,4000000,279551213
32,1,1000000,seekrandomwhilewriting,80.905,48869,81.851,9.230071,24.816645,43.774516,965,3600000,42481351,3.309631,12.230567,14.646256,84191,19197784,95423764,2233333.333,6707819,6707819,6707819,36,94437797,52.535002,177.146586,235.863529,24508,4000000,279551213
32,1,1000000,readrandomwriterandom,11.528,342848,11.667,9.230071,24.816645,43.774516,965,3600000,42481351,3.309631,12.230567,14.646256,84191,19197784,95423764,2233333.333,6707819,6707819,6707819,36,94437797,52.535002,177.146586,235.863529,24508,4000000,279551213
32,2,100000,fillrandom,5.871,681012,0.587,2.444577,8.312323,12.330035,41,360000,1304431,3.568899,6.6546,9.39753,107,800524,3390741,170000,211400,211400,211400,2,356799,8.450566,19.240447,26.936449,71,400000,3876305
32,2,100000,seekrandomwhilewriting,12.507,313401,1.276,2.444577,8.312323,12.330035,41,360000,1304431,3.568899,6.6546,9.39753,107,800524,3390741,170000,211400,211400,211400,2,356799,8.450566,19.240447,26.936449,71,400000,3876305
32,2,100000,readrandomwriterandom,4.01,991726,0.403,2.444577,8.312323,12.330035,41,360000,1304431,3.568899,6.6546,9.39753,107,800524,3390741,170000,211400,211400,211400,2,356799,8.450566,19.240447,26.936449,71,400000,3876305
32,2,1000000,fillrandom,11.163,358291,11.164,12.616076,33.424617,59.025626,997,3600000,52147214,3.432446,14.887698,27.839831,24170,17735149,102704414,2311764.706,5752000,6350400,6361170,34,85286790,45.530515,165.901894,236.311215,24382,4000000,243910350
32,2,1000000,seekrandomwhilewriting,70.407,56642,70.618,12.616076,33.424617,59.025626,997,3600000,52147214,3.432446,14.887698,27.839831,24170,17735149,102704414,2311764.706,5752000,6350400,6361170,34,85286790,45.530515,165.901894,236.311215,24382,4000000,243910350
32,2,1000000,readrandomwriterandom,14.03,268577,14.893,12.616076,33.424617,59.025626,997,3600000,52147214,3.432446,14.887698,27.839831,24170,17735149,102704414,2311764.706,5752000,6350400,6361170,34,85286790,45.530515,165.901894,236.311215,24382,4000000,243910350
32,4,100000,fillrandom,5.823,686613,0.583,4.112021,11.917301,17.422519,202,360000,1862709,3.379879,5.95034,9.1343,92,855970,3511114,264643,264643,264643,264643,1,264643,9.287502,23.92053,32.07998,75,400000,4648584
32,4,100000,seekrandomwhilewriting,14.764,268236,1.491,4.112021,11.917301,17.422519,202,360000,1862709,3.379879,5.95034,9.1343,92,855970,3511114,264643,264643,264643,264643,1,264643,9.287502,23.92053,32.07998,75,400000,4648584
32,4,100000,readrandomwriterandom,5.417,724761,0.552,4.112021,11.917301,17.422519,202,360000,1862709,3.379879,5.95034,9.1343,92,855970,3511114,264643,264643,264643,264643,1,264643,9.287502,23.92053,32.07998,75,400000,4648584
32,4,1000000,fillrandom,13.681,292352,13.682,19.32227,71.248776,96.11832,1714,3600000,94718585,3.122394,19.369631,21.940795,69396,17636765,106354924,2373684.211,5400000,6280000,6345848,30,73202323,45.125183,141.752077,199.029563,24439,4000000,217008530
32,4,1000000,seekrandomwhilewriting,62.86,63110,63.381,19.32227,71.248776,96.11832,1714,3600000,94718585,3.122394,19.369631,21.940795,69396,17636765,106354924,2373684.211,5400000,6280000,6345848,30,73202323,45.125183,141.752077,199.029563,24439,4000000,217008530
32,4,1000000,readrandomwriterandom,25.025,159398,25.094,19.32227,71.248776,96.11832,1714,3600000,94718585,3.122394,19.369631,21.940795,69396,17636765,106354924,2373684.211,5400000,6280000,6345848,30,73202323,45.125183,141.752077,199.029563,24439,4000000,217008530
32,8,100000,fillrandom,6.012,665163,0.601,2.644409,9.140977,14.368212,176,360000,1426966,3.024193,5.945086,9.157263,84,1237925,4885442,475906,475906,475906,475906,1,475906,21.49046,49.444116,68.021661,978,400000,9838751
32,8,100000,seekrandomwhilewriting,29.42,133958,2.986,2.644409,9.140977,14.368212,176,360000,1426966,3.024193,5.945086,9.157263,84,1237925,4885442,475906,475906,475906,475906,1,475906,21.49046,49.444116,68.021661,978,400000,9838751
32,8,100000,readrandomwriterandom,4.322,882709,0.453,2.644409,9.140977,14.368212,176,360000,1426966,3.024193,5.945086,9.157263,84,1237925,4885442,475906,475906,475906,475906,1,475906,21.49046,49.444116,68.021661,978,400000,9838751
32,8,1000000,fillrandom,6.656,600922,6.656,17.998045,71.408226,92.704902,1710,3600000,95502326,3.01709,11.175812,14.441336,24176,22293946,102878314,2500000,7864251,7864251,7864251,20,60076243,61.233245,218.748408,333.0758,24609,4000000,311153008
32,8,1000000,seekrandomwhilewriting,88.811,44427,90.033,17.998045,71.408226,92.704902,1710,3600000,95502326,3.01709,11.175812,14.441336,24176,22293946,102878314,2500000,7864251,7864251,7864251,20,60076243,61.233245,218.748408,333.0758,24609,4000000,311153008
32,8,1000000,readrandomwriterandom,25.374,156329,25.587,17.998045,71.408226,92.704902,1710,3600000,95502326,3.01709,11.175812,14.441336,24176,22293946,102878314,2500000,7864251,7864251,7864251,20,60076243,61.233245,218.748408,333.0758,24609,4000000,311153008
32,12,100000,fillrandom,6.175,647592,0.618,3.212373,10.963767,18.452196,75,360000,1620821,2.942428,6.135301,9.309731,190,1313222,5122003,0,0,0,0,0,0,22.678567,50.841777,70.825881,95,400000,10277302
32,12,100000,seekrandomwhilewriting,30.695,124708,3.207,3.212373,10.963767,18.452196,75,360000,1620821,2.942428,6.135301,9.309731,190,1313222,5122003,0,0,0,0,0,0,22.678567,50.841777,70.825881,95,400000,10277302
32,12,100000,readrandomwriterandom,4.827,821539,0.487,3.212373,10.963767,18.452196,75,360000,1620821,2.942428,6.135301,9.309731,190,1313222,5122003,0,0,0,0,0,0,22.678567,50.841777,70.825881,95,400000,10277302
32,12,1000000,fillrandom,6.025,663762,6.026,12.807567,68.491628,91.332658,1028,3600000,79667222,2.999033,11.754626,14.526394,26980,26419385,121487004,3300000,8480000,8929260,8929260,16,59443272,77.099921,265.277296,425.173255,24660,4000000,403162668
32,12,1000000,seekrandomwhilewriting,114.129,34525,115.855,12.807567,68.491628,91.332658,1028,3600000,79667222,2.999033,11.754626,14.526394,26980,26419385,121487004,3300000,8480000,8929260,8929260,16,59443272,77.099921,265.277296,425.173255,24660,4000000,403162668
32,12,1000000,readrandomwriterandom,20.753,191786,20.856,12.807567,68.491628,91.332658,1028,3600000,79667222,2.999033,11.754626,14.526394,26980,26419385,121487004,3300000,8480000,8929260,8929260,16,59443272,77.099921,265.277296,425.173255,24660,4000000,403162668
32,16,100000,fillrandom,6.31,633601,0.631,4.52057,13.497798,21.287611,181,360000,2064057,3.164411,7.166107,9.482097,970,1254760,5119026,0,0,0,0,0,0,22.673176,49.79368,68.737686,995,400000,10199040
32,16,100000,seekrandomwhilewriting,30.344,127831,3.129,4.52057,13.497798,21.287611,181,360000,2064057,3.164411,7.166107,9.482097,970,1254760,5119026,0,0,0,0,0,0,22.673176,49.79368,68.737686,995,400000,10199040
32,16,100000,readrandomwriterandom,6.007,641144,0.624,4.52057,13.497798,21.287611,181,360000,2064057,3.164411,7.166107,9.482097,970,1254760,5119026,0,0,0,0,0,0,22.673176,49.79368,68.737686,995,400000,10199040
32,16,1000000,fillrandom,14.999,266576,15.005,30.055473,117.823557,159.713654,1729,3600000,131407439,2.885852,15.497276,21.792758,24172,25039176,152635709,3716666.667,10720417,10720417,10720417,11,47011521,74.134727,280.775886,498.111415,24374,4000000,388257606
32,16,1000000,seekrandomwhilewriting,109.194,36385,109.932,30.055473,117.823557,159.713654,1729,3600000,131407439,2.885852,15.497276,21.792758,24172,25039176,152635709,3716666.667,10720417,10720417,10720417,11,47011521,74.134727,280.775886,498.111415,24374,4000000,388257606
32,16,1000000,readrandomwriterandom,34.045,116044,34.469,30.055473,117.823557,159.713654,1729,3600000,131407439,2.885852,15.497276,21.792758,24172,25039176,152635709,3716666.667,10720417,10720417,10720417,11,47011521,74.134727,280.775886,498.111415,24374,4000000,388257606
32,24,100000,fillrandom,8.451,473120,0.845,12.429249,35.94824,58.678191,368,360000,5398045,7.108628,13.111098,14.89505,1873,1276221,9152323,0,0,0,0,0,0,28.378042,157.456873,167.826843,2041,400000,21902692
32,24,100000,seekrandomwhilewriting,64.718,60296,6.634,12.429249,35.94824,58.678191,368,360000,5398045,7.108628,13.111098,14.89505,1873,1276221,9152323,0,0,0,0,0,0,28.378042,157.456873,167.826843,2041,400000,21902692
32,24,100000,readrandomwriterandom,15.738,251794,1.589,12.429249,35.94824,58.678191,368,360000,5398045,7.108628,13.111098,14.89505,1873,1276221,9152323,0,0,0,0,0,0,28.378042,157.456873,167.826843,2041,400000,21902692
32,24,1000000,fillrandom,8.326,480327,8.328,32.889304,138.698771,239.983573,1893,3600000,166934900,2.96801,11.580222,14.498515,24177,30956201,157084402,3700000,11480000,12055790,12055790,12,59309052,94.810195,371.147799,535.850175,24757,4000000,515850421
32,24,1000000,seekrandomwhilewriting,145.316,27450,145.715,32.889304,138.698771,239.983573,1893,3600000,166934900,2.96801,11.580222,14.498515,24177,30956201,157084402,3700000,11480000,12055790,12055790,12,59309052,94.810195,371.147799,535.850175,24757,4000000,515850421
32,24,1000000,readrandomwriterandom,42.868,92352,43.312,32.889304,138.698771,239.983573,1893,3600000,166934900,2.96801,11.580222,14.498515,24177,30956201,157084402,3700000,11480000,12055790,12055790,12,59309052,94.810195,371.147799,535.850175,24757,4000000,515850421
32,32,100000,fillrandom,20.07,199202,2.008,1.976301,7.863503,13.485405,48,360000,1170874,8.287166,21.255027,29.224365,1587,1324584,13282956,0,0,0,0,0,0,46.963246,108.16643,154.882398,1677,400000,21732546
32,32,100000,seekrandomwhilewriting,66.481,59317,6.743,1.976301,7.863503,13.485405,48,360000,1170874,8.287166,21.255027,29.224365,1587,1324584,13282956,0,0,0,0,0,0,46.963246,108.16643,154.882398,1677,400000,21732546
32,32,100000,readrandomwriterandom,3.523,1127662,0.355,1.976301,7.863503,13.485405,48,360000,1170874,8.287166,21.255027,29.224365,1587,1324584,13282956,0,0,0,0,0,0,46.963246,108.16643,154.882398,1677,400000,21732546
32,32,1000000,fillrandom,6.01,665506,6.01,33.939421,143.929527,227.625088,1859,3600000,162145885,2.868319,11.028793,14.377206,29354,33251926,143506265,3600000,11270000,11679386,11679386,13,54832925,98.898142,338.127874,519.933631,24760,4000000,500475950
32,32,1000000,seekrandomwhilewriting,140.61,28234,141.67,33.939421,143.929527,227.625088,1859,3600000,162145885,2.868319,11.028793,14.377206,29354,33251926,143506265,3600000,11270000,11679386,11679386,13,54832925,98.898142,338.127874,519.933631,24760,4000000,500475950
32,32,1000000,readrandomwriterandom,41.712,94894,42.152,33.939421,143.929527,227.625088,1859,3600000,162145885,2.868319,11.028793,14.377206,29354,33251926,143506265,3600000,11270000,11679386,11679386,13,54832925,98.898142,338.127874,519.933631,24760,4000000,500475950
64,1,100000,fillrandom,5.351,747276,0.535,1.750433,5.262276,7.374611,73,360000,960060,3.444541,5.893934,8.843683,108,686728,2735310,147411,147411,147411,147411,1,147411,4.76988,9.818058,14.811826,68,400000,2232105
64,1,100000,seekrandomwhilewriting,7.315,534435,0.748,1.750433,5.262276,7.374611,73,360000,960060,3.444541,5.893934,8.843683,108,686728,2735310,147411,147411,147411,147411,1,147411,4.76988,9.818058,14.811826,68,400000,2232105
64,1,100000,readrandomwriterandom,3.003,1330402,0.301,1.750433,5.262276,7.374611,73,360000,960060,3.444541,5.893934,8.843683,108,686728,2735310,147411,147411,147411,147411,1,147411,4.76988,9.818058,14.811826,68,400000,2232105
64,1,1000000,fillrandom,15.548,257260,15.548,8.569134,18.897954,21.614876,938,3600000,35619629,3.852387,21.701935,31.414798,24132,12159484,96843824,1850000,5546666.667,6155665,6155665,26,61662232,28.774495,98.428792,109.794494,24314,4000000,148483319
64,1,1000000,seekrandomwhilewriting,43.884,90108,44.391,8.569134,18.897954,21.614876,938,3600000,35619629,3.852387,21.701935,31.414798,24132,12159484,96843824,1850000,5546666.667,6155665,6155665,26,61662232,28.774495,98.428792,109.794494,24314,4000000,148483319
64,1,1000000,readrandomwriterandom,9.731,409620,9.765,8.569134,18.897954,21.614876,938,3600000,35619629,3.852387,21.701935,31.414798,24132,12159484,96843824,1850000,5546666.667,6155665,6155665,26,61662232,28.774495,98.428792,109.794494,24314,4000000,148483319
64,2,100000,fillrandom,5.723,698733,0.572,1.940519,5.742109,8.77757,894,360000,1111311,3.953142,6.622014,9.443344,109,661796,2896114,155200,155200,155200,155200,1,155200,4.857359,9.350688,13.302604,75,400000,2197805
64,2,100000,seekrandomwhilewriting,7.474,524630,0.762,1.940519,5.742109,8.77757,894,360000,1111311,3.953142,6.622014,9.443344,109,661796,2896114,155200,155200,155200,155200,1,155200,4.857359,9.350688,13.302604,75,400000,2197805
64,2,100000,readrandomwriterandom,3.455,1137514,0.352,1.940519,5.742109,8.77757,894,360000,1111311,3.953142,6.622014,9.443344,109,661796,2896114,155200,155200,155200,155200,1,155200,4.857359,9.350688,13.302604,75,400000,2197805
64,2,1000000,fillrandom,7.464,535799,7.465,13.697254,48.735435,64.416011,1947,3600000,71449062,3.864715,12.192171,14.992979,24157,12776920,70168987,2323076.923,5345000,6269000,6430443,21,52100080,28.477742,109.164426,157.610173,24378,4000000,152256889
64,2,1000000,seekrandomwhilewriting,44.869,87211,45.865,13.697254,48.735435,64.416011,1947,3600000,71449062,3.864715,12.192171,14.992979,24157,12776920,70168987,2323076.923,5345000,6269000,6430443,21,52100080,28.477742,109.164426,157.610173,24378,4000000,152256889
64,2,1000000,readrandomwriterandom,19.632,202864,19.718,13.697254,48.735435,64.416011,1947,3600000,71449062,3.864715,12.192171,14.992979,24157,12776920,70168987,2323076.923,5345000,6269000,6430443,21,52100080,28.477742,109.164426,157.610173,24378,4000000,152256889
64,4,100000,fillrandom,5.902,677557,0.59,2.321977,5.831371,9.238402,70,360000,1188313,4.104567,7.697179,9.6196,86,662358,2984803,0,0,0,0,0,0,4.871205,9.528854,13.878785,66,400000,2221884
64,4,100000,seekrandomwhilewriting,7.565,518272,0.772,2.321977,5.831371,9.238402,70,360000,1188313,4.104567,7.697179,9.6196,86,662358,2984803,0,0,0,0,0,0,4.871205,9.528854,13.878785,66,400000,2221884
64,4,100000,readrandomwriterandom,3.701,1062702,0.376,2.321977,5.831371,9.238402,70,360000,1188313,4.104567,7.697179,9.6196,86,662358,2984803,0,0,0,0,0,0,4.871205,9.528854,13.878785,66,400000,2221884
64,4,1000000,fillrandom,6.772,590544,6.773,16.849558,68.81734,86.877573,1711,3600000,83439631,3.661467,11.169219,14.659448,24168,13910270,69706586,2275000,7511982,7511982,7511982,12,31574528,33.268005,112.328616,159.276513,24304,4000000,170795467
64,4,1000000,seekrandomwhilewriting,49.887,79698,50.189,16.849558,68.81734,86.877573,1711,3600000,83439631,3.661467,11.169219,14.659448,24168,13910270,69706586,2275000,7511982,7511982,7511982,12,31574528,33.268005,112.328616,159.276513,24304,4000000,170795467
64,4,1000000,readrandomwriterandom,22.485,177282,22.563,16.849558,68.81734,86.877573,1711,3600000,83439631,3.661467,11.169219,14.659448,24168,13910270,69706586,2275000,7511982,7511982,7511982,12,31574528,33.268005,112.328616,159.276513,24304,4000000,170795467
64,8,100000,fillrandom,6.227,642239,0.623,2.174245,5.848357,9.29611,69,360000,1184535,4.283894,8.627609,9.778351,100,662619,3189453,0,0,0,0,0,0,5.335681,9.837423,14.816671,69,400000,2493033
64,8,100000,seekrandomwhilewriting,8.454,465798,0.859,2.174245,5.848357,9.29611,69,360000,1184535,4.283894,8.627609,9.778351,100,662619,3189453,0,0,0,0,0,0,5.335681,9.837423,14.816671,69,400000,2493033
64,8,100000,readrandomwriterandom,3.706,1074939,0.372,2.174245,5.848357,9.29611,69,360000,1184535,4.283894,8.627609,9.778351,100,662619,3189453,0,0,0,0,0,0,5.335681,9.837423,14.816671,69,400000,2493033
64,8,1000000,fillrandom,6.543,611284,6.544,8.579878,37.520681,55.643067,938,3600000,44478409,3.510061,12.394517,14.77416,24154,17860837,89893522,3600000,7610981,7610981,7610981,8,29635688,48.682677,186.565956,247.42965,24493,4000000,260209091
64,8,1000000,seekrandomwhilewriting,74.613,53068,75.375,8.579878,37.520681,55.643067,938,3600000,44478409,3.510061,12.394517,14.77416,24154,17860837,89893522,3600000,7610981,7610981,7610981,8,29635688,48.682677,186.565956,247.42965,24493,4000000,260209091
64,8,1000000,readrandomwriterandom,11.95,332547,12.028,8.579878,37.520681,55.643067,938,3600000,44478409,3.510061,12.394517,14.77416,24154,17860837,89893522,3600000,7610981,7610981,7610981,8,29635688,48.682677,186.565956,247.42965,24493,4000000,260209091
64,12,100000,fillrandom,6.482,616936,0.648,2.423563,5.967197,9.560351,39,360000,1254987,4.350466,8.900881,9.834588,86,669929,3274077,0,0,0,0,0,0,5.193946,9.893883,15.060172,69,400000,2414785
64,12,100000,seekrandomwhilewriting,8.398,469489,0.852,2.423563,5.967197,9.560351,39,360000,1254987,4.350466,8.900881,9.834588,86,669929,3274077,0,0,0,0,0,0,5.193946,9.893883,15.060172,69,400000,2414785
64,12,100000,readrandomwriterandom,3.912,1012099,0.395,2.423563,5.967197,9.560351,39,360000,1254987,4.350466,8.900881,9.834588,86,669929,3274077,0,0,0,0,0,0,5.193946,9.893883,15.060172,69,400000,2414785
64,12,1000000,fillrandom,7.248,551854,7.248,19.701085,106.055502,156.75223,2051,3600000,101334867,3.341904,12.013521,14.67836,24185,20560552,102184476,3775000,10803022,10803022,10803022,7,36261274,52.367835,269.906811,358.092476,24504,4000000,299064590
64,12,1000000,seekrandomwhilewriting,84.723,46955,85.188,19.701085,106.055502,156.75223,2051,3600000,101334867,3.341904,12.013521,14.67836,24185,20560552,102184476,3775000,10803022,10803022,10803022,7,36261274,52.367835,269.906811,358.092476,24504,4000000,299064590
64,12,1000000,readrandomwriterandom,26.64,149141,26.82,19.701085,106.055502,156.75223,2051,3600000,101334867,3.341904,12.013521,14.67836,24185,20560552,102184476,3775000,10803022,10803022,10803022,7,36261274,52.367835,269.906811,358.092476,24504,4000000,299064590
64,16,100000,fillrandom,6.441,620899,0.644,2.610293,5.962265,9.632002,43,360000,1292590,4.403731,8.86605,9.828295,215,657857,3251110,0,0,0,0,0,0,5.259481,9.700174,14.299423,99,400000,2432450
64,16,100000,seekrandomwhilewriting,8.316,478554,0.836,2.610293,5.962265,9.632002,43,360000,1292590,4.403731,8.86605,9.828295,215,657857,3251110,0,0,0,0,0,0,5.259481,9.700174,14.299423,99,400000,2432450
64,16,100000,readrandomwriterandom,4.014,987878,0.405,2.610293,5.962265,9.632002,43,360000,1292590,4.403731,8.86605,9.828295,215,657857,3251110,0,0,0,0,0,0,5.259481,9.700174,14.299423,99,400000,2432450
64,16,1000000,fillrandom,6.997,571552,6.998,14.007964,54.520027,74.250811,1952,3600000,74144209,3.379994,12.323091,14.919451,24163,19637298,98118587,3775000,11606493,11606493,11606493,7,34905025,53.401126,170.190454,351.709003,24684,4000000,282648083
64,16,1000000,seekrandomwhilewriting,80.475,48812,81.947,14.007964,54.520027,74.250811,1952,3600000,74144209,3.379994,12.323091,14.919451,24163,19637298,98118587,3775000,11606493,11606493,11606493,7,34905025,53.401126,170.190454,351.709003,24684,4000000,282648083
64,16,1000000,readrandomwriterandom,20.013,193018,20.723,14.007964,54.520027,74.250811,1952,3600000,74144209,3.379994,12.323091,14.919451,24163,19637298,98118587,3775000,11606493,11606493,11606493,7,34905025,53.401126,170.190454,351.709003,24684,4000000,282648083
64,24,100000,fillrandom,6.723,594694,0.673,2.79037,6.370634,9.791875,71,360000,1346862,4.609357,9.228105,9.902273,107,649038,3380850,0,0,0,0,0,0,5.363032,9.656095,14.0403,68,400000,2491280
64,24,100000,seekrandomwhilewriting,8.409,468087,0.855,2.79037,6.370634,9.791875,71,360000,1346862,4.609357,9.228105,9.902273,107,649038,3380850,0,0,0,0,0,0,5.363032,9.656095,14.0403,68,400000,2491280
64,24,100000,readrandomwriterandom,4.151,955123,0.419,2.79037,6.370634,9.791875,71,360000,1346862,4.609357,9.228105,9.902273,107,649038,3380850,0,0,0,0,0,0,5.363032,9.656095,14.0403,68,400000,2491280
64,24,1000000,fillrandom,6.395,625349,6.396,18.53203,45.977627,57.834532,1023,3600000,75223621,3.257663,12.389859,16.166022,24151,20614107,98083014,3775000,8645000,9239365,9239365,7,30353149,59.193965,162.209493,335.20453,24568,4000000,291449473
64,24,1000000,seekrandomwhilewriting,83.108,47120,84.888,18.53203,45.977627,57.834532,1023,3600000,75223621,3.257663,12.389859,16.166022,24151,20614107,98083014,3775000,8645000,9239365,9239365,7,30353149,59.193965,162.209493,335.20453,24568,4000000,291449473
64,24,1000000,readrandomwriterandom,19.751,192565,20.772,18.53203,45.977627,57.834532,1023,3600000,75223621,3.257663,12.389859,16.166022,24151,20614107,98083014,3775000,8645000,9239365,9239365,7,30353149,59.193965,162.209493,335.20453,24568,4000000,291449473
64,32,100000,fillrandom,6.501,615054,0.65,2.674254,5.980969,9.660437,40,360000,1313557,4.466877,8.964164,9.842248,115,654628,3287880,0,0,0,0,0,0,5.312224,9.719993,14.571283,70,400000,2474577
64,32,100000,seekrandomwhilewriting,8.387,469521,0.852,2.674254,5.980969,9.660437,40,360000,1313557,4.466877,8.964164,9.842248,115,654628,3287880,0,0,0,0,0,0,5.312224,9.719993,14.571283,70,400000,2474577
64,32,100000,readrandomwriterandom,4.059,979688,0.408,2.674254,5.980969,9.660437,40,360000,1313557,4.466877,8.964164,9.842248,115,654628,3287880,0,0,0,0,0,0,5.312224,9.719993,14.571283,70,400000,2474577
64,32,1000000,fillrandom,12.525,319355,12.525,18.700741,46.597872,50.399433,981,3600000,75223292,3.267175,18.413272,23.409064,1883,20721358,120543885,3483333.333,3872603,3872603,3872603,7,23340379,59.981366,188.625589,238.22934,2061,4000000,292335345
64,32,1000000,seekrandomwhilewriting,83.411,47569,84.087,18.700741,46.597872,50.399433,981,3600000,75223292,3.267175,18.413272,23.409064,1883,20721358,120543885,3483333.333,3872603,3872603,3872603,7,23340379,59.981366,188.625589,238.22934,2061,4000000,292335345
64,32,1000000,readrandomwriterandom,19.727,194256,20.591,18.700741,46.597872,50.399433,981,3600000,75223292,3.267175,18.413272,23.409064,1883,20721358,120543885,3483333.333,3872603,3872603,3872603,7,23340379,59.981366,188.625589,238.22934,2061,4000000,292335345
128,1,100000,fillrandom,7.184,556507,0.719,2.243162,3.67149,4.47712,25,360000,990432,5.729414,9.616958,9.975657,70,524198,3236243,0,0,0,0,0,0,2.230765,3.692392,4.723253,22,400000,1099024
128,1,100000,seekrandomwhilewriting,3.98,994611,0.402,2.243162,3.67149,4.47712,25,360000,990432,5.729414,9.616958,9.975657,70,524198,3236243,0,0,0,0,0,0,2.230765,3.692392,4.723253,22,400000,1099024
128,1,100000,readrandomwriterandom,3.314,1194279,0.335,2.243162,3.67149,4.47712,25,360000,990432,5.729414,9.616958,9.975657,70,524198,3236243,0,0,0,0,0,0,2.230765,3.692392,4.723253,22,400000,1099024
128,1,1000000,fillrandom,14.161,282455,14.162,9.817139,49.720144,68.743775,1931,3600000,64040240,4.268875,26.403971,32.644232,4062,9426200,76041569,1850000,3250000,4090000,4265662,15,29203852,17.711496,24.412689,32.23324,994,4000000,72541632
128,1,1000000,seekrandomwhilewriting,21.718,178748,22.378,9.817139,49.720144,68.743775,1931,3600000,64040240,4.268875,26.403971,32.644232,4062,9426200,76041569,1850000,3250000,4090000,4265662,15,29203852,17.711496,24.412689,32.23324,994,4000000,72541632
128,1,1000000,readrandomwriterandom,17.896,221659,18.046,9.817139,49.720144,68.743775,1931,3600000,64040240,4.268875,26.403971,32.644232,4062,9426200,76041569,1850000,3250000,4090000,4265662,15,29203852,17.711496,24.412689,32.23324,994,4000000,72541632
128,2,100000,fillrandom,6.892,580309,0.689,2.441055,3.860191,5.228896,24,360000,1065541,5.407896,9.527895,9.947424,68,526152,3121248,0,0,0,0,0,0,2.223012,3.676562,4.41044,23,400000,1093892
128,2,100000,seekrandomwhilewriting,3.967,997570,0.401,2.441055,3.860191,5.228896,24,360000,1065541,5.407896,9.527895,9.947424,68,526152,3121248,0,0,0,0,0,0,2.223012,3.676562,4.41044,23,400000,1093892
128,2,100000,readrandomwriterandom,3.511,1128932,0.354,2.441055,3.860191,5.228896,24,360000,1065541,5.407896,9.527895,9.947424,68,526152,3121248,0,0,0,0,0,0,2.223012,3.676562,4.41044,23,400000,1093892
128,2,1000000,fillrandom,7.264,550594,7.265,8.151146,19.586921,27.660599,933,3600000,33868609,4.615623,12.606269,16.127148,24168,10212544,59906095,2200000,7154765,7154765,7154765,9,23048666,21.458896,84.294867,105.028471,24275,4000000,119815067
128,2,1000000,seekrandomwhilewriting,35.882,110799,36.101,8.151146,19.586921,27.660599,933,3600000,33868609,4.615623,12.606269,16.127148,24168,10212544,59906095,2200000,7154765,7154765,7154765,9,23048666,21.458896,84.294867,105.028471,24275,4000000,119815067
128,2,1000000,readrandomwriterandom,9.358,421945,9.48,8.151146,19.586921,27.660599,933,3600000,33868609,4.615623,12.606269,16.127148,24168,10212544,59906095,2200000,7154765,7154765,7154765,9,23048666,21.458896,84.294867,105.028471,24275,4000000,119815067
128,4,100000,fillrandom,8.744,457323,0.875,2.509924,3.8856,5.268261,22,360000,1092866,7.253801,9.93935,13.857749,954,522575,3830891,0,0,0,0,0,0,2.296833,3.728147,4.608055,21,400000,1119464
128,4,100000,seekrandomwhilewriting,4.037,980476,0.408,2.509924,3.8856,5.268261,22,360000,1092866,7.253801,9.93935,13.857749,954,522575,3830891,0,0,0,0,0,0,2.296833,3.728147,4.608055,21,400000,1119464
128,4,100000,readrandomwriterandom,3.621,1090295,0.367,2.509924,3.8856,5.268261,22,360000,1092866,7.253801,9.93935,13.857749,954,522575,3830891,0,0,0,0,0,0,2.296833,3.728147,4.608055,21,400000,1119464
128,4,1000000,fillrandom,7.953,502942,7.953,11.928406,51.266433,74.089956,3201,3600000,67628634,4.346761,12.64793,18.318732,1900,11776441,69459076,2733333.333,8255340,8255340,8255340,5,19669114,28.209814,103.575301,157.786557,1968,4000000,142150325
128,4,1000000,seekrandomwhilewriting,41.755,93353,42.848,11.928406,51.266433,74.089956,3201,3600000,67628634,4.346761,12.64793,18.318732,1900,11776441,69459076,2733333.333,8255340,8255340,8255340,5,19669114,28.209814,103.575301,157.786557,1968,4000000,142150325
128,4,1000000,readrandomwriterandom,18.667,212846,18.793,11.928406,51.266433,74.089956,3201,3600000,67628634,4.346761,12.64793,18.318732,1900,11776441,69459076,2733333.333,8255340,8255340,8255340,5,19669114,28.209814,103.575301,157.786557,1968,4000000,142150325
128,8,100000,fillrandom,8.935,447538,0.894,2.757024,4.547832,5.73949,28,360000,1200339,7.281895,11.56711,14.402695,75,525363,3981727,0,0,0,0,0,0,2.568878,3.958153,5.524926,29,400000,1245897
128,8,100000,seekrandomwhilewriting,4.464,887144,0.451,2.757024,4.547832,5.73949,28,360000,1200339,7.281895,11.56711,14.402695,75,525363,3981727,0,0,0,0,0,0,2.568878,3.958153,5.524926,29,400000,1245897
128,8,100000,readrandomwriterandom,3.982,993917,0.402,2.757024,4.547832,5.73949,28,360000,1200339,7.281895,11.56711,14.402695,75,525363,3981727,0,0,0,0,0,0,2.568878,3.958153,5.524926,29,400000,1245897
128,8,1000000,fillrandom,7.173,557621,7.173,14.574087,40.816984,49.582694,1920,3600000,66766887,3.901796,12.23804,16.91642,24165,13632024,74052104,3600000,7319717,7319717,7319717,4,16794865,33.97244,95.376869,215.453007,24443,4000000,168258742
128,8,1000000,seekrandomwhilewriting,49.014,80231,49.856,14.574087,40.816984,49.582694,1920,3600000,66766887,3.901796,12.23804,16.91642,24165,13632024,74052104,3600000,7319717,7319717,7319717,4,16794865,33.97244,95.376869,215.453007,24443,4000000,168258742
128,8,1000000,readrandomwriterandom,18.552,213397,18.744,14.574087,40.816984,49.582694,1920,3600000,66766887,3.901796,12.23804,16.91642,24165,13632024,74052104,3600000,7319717,7319717,7319717,4,16794865,33.97244,95.376869,215.453007,24443,4000000,168258742
128,12,100000,fillrandom,9.583,417269,0.959,8.01067,13.891048,14.879896,175,360000,2999092,7.859541,14.695823,30.268798,199,525693,4671771,0,0,0,0,0,0,2.446177,3.85569,5.193422,21,400000,1186003
128,12,100000,seekrandomwhilewriting,4.306,920037,0.435,8.01067,13.891048,14.879896,175,360000,2999092,7.859541,14.695823,30.268798,199,525693,4671771,0,0,0,0,0,0,2.446177,3.85569,5.193422,21,400000,1186003
128,12,100000,readrandomwriterandom,10.121,391846,1.021,8.01067,13.891048,14.879896,175,360000,2999092,7.859541,14.695823,30.268798,199,525693,4671771,0,0,0,0,0,0,2.446177,3.85569,5.193422,21,400000,1186003
128,12,1000000,fillrandom,6.3,634853,6.301,11.663042,38.016745,49.183202,1004,3600000,48557000,3.833073,11.299665,14.91236,1901,13553026,68407976,3366666.667,3764954,3764954,3764954,4,12880107,32.812942,117.736529,159.634873,2079,4000000,167494928
128,12,1000000,seekrandomwhilewriting,48.723,81321,49.187,11.663042,38.016745,49.183202,1004,3600000,48557000,3.833073,11.299665,14.91236,1901,13553026,68407976,3366666.667,3764954,3764954,3764954,4,12880107,32.812942,117.736529,159.634873,2079,4000000,167494928
128,12,1000000,readrandomwriterandom,13.41,289171,13.833,11.663042,38.016745,49.183202,1004,3600000,48557000,3.833073,11.299665,14.91236,1901,13553026,68407976,3366666.667,3764954,3764954,3764954,4,12880107,32.812942,117.736529,159.634873,2079,4000000,167494928
128,16,100000,fillrandom,22.478,177865,2.249,7.469727,9.984523,14.137495,154,360000,2760446,18.459724,31.545042,33.667551,1667,525865,9963700,0,0,0,0,0,0,6.90052,9.841312,13.250103,65,400000,2862561
128,16,100000,seekrandomwhilewriting,10.499,375103,1.066,7.469727,9.984523,14.137495,154,360000,2760446,18.459724,31.545042,33.667551,1667,525865,9963700,0,0,0,0,0,0,6.90052,9.841312,13.250103,65,400000,2862561
128,16,100000,readrandomwriterandom,9.219,426861,0.937,7.469727,9.984523,14.137495,154,360000,2760446,18.459724,31.545042,33.667551,1667,525865,9963700,0,0,0,0,0,0,6.90052,9.841312,13.250103,65,400000,2862561
128,16,1000000,fillrandom,10.818,369746,10.818,10.694956,33.014259,47.900434,1277,3600000,44775013,3.795681,19.526407,29.851052,1873,13404593,84213780,2900000,3614135,3614135,3614135,4,11963737,31.830982,136.511346,163.494388,2041,4000000,165401370
128,16,1000000,seekrandomwhilewriting,48.104,82582,48.436,10.694956,33.014259,47.900434,1277,3600000,44775013,3.795681,19.526407,29.851052,1873,13404593,84213780,2900000,3614135,3614135,3614135,4,11963737,31.830982,136.511346,163.494388,2041,4000000,165401370
128,16,1000000,readrandomwriterandom,12.144,326016,12.269,10.694956,33.014259,47.900434,1277,3600000,44775013,3.795681,19.526407,29.851052,1873,13404593,84213780,2900000,3614135,3614135,3614135,4,11963737,31.830982,136.511346,163.494388,2041,4000000,165401370
128,24,100000,fillrandom,22.798,175401,2.28,7.332268,9.93307,13.852904,63,360000,2705350,18.597285,31.799989,33.753106,278,527956,10046124,0,0,0,0,0,0,6.747313,9.822817,13.080543,102,400000,2826248
128,24,100000,seekrandomwhilewriting,10.391,381507,1.048,7.332268,9.93307,13.852904,63,360000,2705350,18.597285,31.799989,33.753106,278,527956,10046124,0,0,0,0,0,0,6.747313,9.822817,13.080543,102,400000,2826248
128,24,100000,readrandomwriterandom,8.992,440020,0.909,7.332268,9.93307,13.852904,63,360000,2705350,18.597285,31.799989,33.753106,278,527956,10046124,0,0,0,0,0,0,6.747313,9.822817,13.080543,102,400000,2826248
128,24,1000000,fillrandom,14.004,285606,14.005,10.200422,36.483417,48.400639,945,3600000,48695861,3.840709,21.996663,31.791228,1892,13216502,95684558,3600000,7648927,7648927,7648927,3,13532988,30.904678,138.079307,191.49468,2080,4000000,163936679
128,24,1000000,seekrandomwhilewriting,47.492,83701,47.789,10.200422,36.483417,48.400639,945,3600000,48695861,3.840709,21.996663,31.791228,1892,13216502,95684558,3600000,7648927,7648927,7648927,3,13532988,30.904678,138.079307,191.49468,2080,4000000,163936679
128,24,1000000,readrandomwriterandom,13.091,301050,13.287,10.200422,36.483417,48.400639,945,3600000,48695861,3.840709,21.996663,31.791228,1892,13216502,95684558,3600000,7648927,7648927,7648927,3,13532988,30.904678,138.079307,191.49468,2080,4000000,163936679
128,32,100000,fillrandom,5.417,738208,0.542,1.563054,2.813162,3.230995,27,360000,759334,4.156219,6.503225,9.505215,1187,527112,2409879,0,0,0,0,0,0,1.438243,2.669183,2.978087,1192,400000,781772
128,32,100000,seekrandomwhilewriting,2.793,1418887,0.282,1.563054,2.813162,3.230995,27,360000,759334,4.156219,6.503225,9.505215,1187,527112,2409879,0,0,0,0,0,0,1.438243,2.669183,2.978087,1192,400000,781772
128,32,100000,readrandomwriterandom,2.498,1589206,0.252,1.563054,2.813162,3.230995,27,360000,759334,4.156219,6.503225,9.505215,1187,527112,2409879,0,0,0,0,0,0,1.438243,2.669183,2.978087,1192,400000,781772
128,32,1000000,fillrandom,14.759,271017,14.759,8.567665,21.147411,35.939718,969,3600000,36324926,3.692571,22.985814,31.975061,24140,13880653,100069997,3600000,11416844,11416844,11416844,4,20055102,31.435007,162.093185,233.680094,24415,4000000,167805268
128,32,1000000,seekrandomwhilewriting,48.659,80264,49.836,8.567665,21.147411,35.939718,969,3600000,36324926,3.692571,22.985814,31.975061,24140,13880653,100069997,3600000,11416844,11416844,11416844,4,20055102,31.435007,162.093185,233.680094,24415,4000000,167805268
128,32,1000000,readrandomwriterandom,9.966,396932,10.077,8.567665,21.147411,35.939718,969,3600000,36324926,3.692571,22.985814,31.975061,24140,13880653,100069997,3600000,11416844,11416844,11416844,4,20055102,31.435007,162.093185,233.680094,24415,4000000,167805268
256,1,100000,fillrandom,5.781,691669,0.578,1.764148,2.946566,3.74581,68,360000,843335,4.496877,8.227312,9.729183,45,529203,2591377,0,0,0,0,0,0,1.627256,2.884637,3.59837,22,400000,876572
256,1,100000,seekrandomwhilewriting,3.152,1243417,0.322,1.764148,2.946566,3.74581,68,360000,843335,4.496877,8.227312,9.729183,45,529203,2591377,0,0,0,0,0,0,1.627256,2.884637,3.59837,22,400000,876572
256,1,100000,readrandomwriterandom,2.764,1432864,0.279,1.764148,2.946566,3.74581,68,360000,843335,4.496877,8.227312,9.729183,45,529203,2591377,0,0,0,0,0,0,1.627256,2.884637,3.59837,22,400000,876572
256,1,1000000,fillrandom,14.608,273729,14.613,6.896559,14.626699,19.767812,1511,3600000,27505075,6.027042,27.922884,33.155321,1600,8436389,74540595,2566666.667,4637322,4637322,4637322,6,15818650,13.019907,40.381042,66.023845,978,4000000,63494282
256,1,1000000,seekrandomwhilewriting,19.548,199761,20.024,6.896559,14.626699,19.767812,1511,3600000,27505075,6.027042,27.922884,33.155321,1600,8436389,74540595,2566666.667,4637322,4637322,4637322,6,15818650,13.019907,40.381042,66.023845,978,4000000,63494282
256,1,1000000,readrandomwriterandom,7.821,507596,7.88,6.896559,14.626699,19.767812,1511,3600000,27505075,6.027042,27.922884,33.155321,1600,8436389,74540595,2566666.667,4637322,4637322,4637322,6,15818650,13.019907,40.381042,66.023845,978,4000000,63494282
256,2,100000,fillrandom,5.89,678812,0.589,1.777358,2.959828,3.798273,21,360000,849997,4.560365,8.384883,9.754228,45,527523,2625649,0,0,0,0,0,0,1.636391,2.898033,3.661426,22,400000,881355
256,2,100000,seekrandomwhilewriting,3.204,1228965,0.325,1.777358,2.959828,3.798273,21,360000,849997,4.560365,8.384883,9.754228,45,527523,2625649,0,0,0,0,0,0,1.636391,2.898033,3.661426,22,400000,881355
256,2,100000,readrandomwriterandom,2.806,1417474,0.282,1.777358,2.959828,3.798273,21,360000,849997,4.560365,8.384883,9.754228,45,527523,2625649,0,0,0,0,0,0,1.636391,2.898033,3.661426,22,400000,881355
256,2,1000000,fillrandom,14.911,268257,14.911,8.877383,60.365572,91.268104,1956,3600000,62233239,5.567438,28.638153,33.49371,24175,9188757,86457381,2900000,8065031,8065031,8065031,4,15232243,20.51148,58.986132,73.191434,24324,4000000,98746650
256,2,1000000,seekrandomwhilewriting,29.589,127944,31.264,8.877383,60.365572,91.268104,1956,3600000,62233239,5.567438,28.638153,33.49371,24175,9188757,86457381,2900000,8065031,8065031,8065031,4,15232243,20.51148,58.986132,73.191434,24324,4000000,98746650
256,2,1000000,readrandomwriterandom,17.113,231268,17.296,8.877383,60.365572,91.268104,1956,3600000,62233239,5.567438,28.638153,33.49371,24175,9188757,86457381,2900000,8065031,8065031,8065031,4,15232243,20.51148,58.986132,73.191434,24324,4000000,98746650
256,4,100000,fillrandom,6.162,648874,0.616,2.092889,3.398527,3.939717,64,360000,940094,4.791385,8.933695,9.839432,46,524263,2771128,0,0,0,0,0,0,1.814732,2.984903,3.853309,22,400000,960228
256,4,100000,seekrandomwhilewriting,3.409,1169477,0.342,2.092889,3.398527,3.939717,64,360000,940094,4.791385,8.933695,9.839432,46,524263,2771128,0,0,0,0,0,0,1.814732,2.984903,3.853309,22,400000,960228
256,4,100000,readrandomwriterandom,3.09,1284496,0.311,2.092889,3.398527,3.939717,64,360000,940094,4.791385,8.933695,9.839432,46,524263,2771128,0,0,0,0,0,0,1.814732,2.984903,3.853309,22,400000,960228
256,4,1000000,fillrandom,9.335,428404,9.337,11.328493,21.571825,31.102917,1002,3600000,40787273,6.288805,14.239869,20.003259,24170,10458908,77462897,3600000,3834737,3834737,3834737,2,7396433,31.222293,91.959644,107.194582,24319,4000000,154890227
256,4,1000000,seekrandomwhilewriting,45.791,86831,46.066,11.328493,21.571825,31.102917,1002,3600000,40787273,6.288805,14.239869,20.003259,24170,10458908,77462897,3600000,3834737,3834737,3834737,2,7396433,31.222293,91.959644,107.194582,24319,4000000,154890227
256,4,1000000,readrandomwriterandom,11.324,345433,11.58,11.328493,21.571825,31.102917,1002,3600000,40787273,6.288805,14.239869,20.003259,24170,10458908,77462897,3600000,3834737,3834737,3834737,2,7396433,31.222293,91.959644,107.194582,24319,4000000,154890227
256,8,100000,fillrandom,6.72,595025,0.672,2.26466,3.660267,4.342271,25,360000,995655,5.247395,9.457989,9.925953,50,526600,3046198,0,0,0,0,0,0,1.960868,3.256516,3.929124,21,400000,1009261
256,8,100000,seekrandomwhilewriting,3.653,1083494,0.369,2.26466,3.660267,4.342271,25,360000,995655,5.247395,9.457989,9.925953,50,526600,3046198,0,0,0,0,0,0,1.960868,3.256516,3.929124,21,400000,1009261
256,8,100000,readrandomwriterandom,3.283,1204409,0.332,2.26466,3.660267,4.342271,25,360000,995655,5.247395,9.457989,9.925953,50,526600,3046198,0,0,0,0,0,0,1.960868,3.256516,3.929124,21,400000,1009261
256,8,1000000,fillrandom,20.638,193799,20.64,8.689384,19.833254,21.682704,966,3600000,33755761,5.760731,32.519946,45.577539,24229,10467412,119373961,4300000,11408249,11408249,11408249,2,14549378,26.389868,144.625319,165.634871,24355,4000000,156022937
256,8,1000000,seekrandomwhilewriting,45.553,87578,45.673,8.689384,19.833254,21.682704,966,3600000,33755761,5.760731,32.519946,45.577539,24229,10467412,119373961,4300000,11408249,11408249,11408249,2,14549378,26.389868,144.625319,165.634871,24355,4000000,156022937
256,8,1000000,readrandomwriterandom,9.362,423794,9.439,8.689384,19.833254,21.682704,966,3600000,33755761,5.760731,32.519946,45.577539,24229,10467412,119373961,4300000,11408249,11408249,11408249,2,14549378,26.389868,144.625319,165.634871,24355,4000000,156022937
256,12,100000,fillrandom,6.605,605498,0.661,2.134281,3.504223,3.979282,76,360000,955938,5.090506,9.34854,9.90798,52,526811,2969330,0,0,0,0,0,0,1.932418,3.264463,3.935688,28,400000,1003896
256,12,100000,seekrandomwhilewriting,3.621,1080920,0.37,2.134281,3.504223,3.979282,76,360000,955938,5.090506,9.34854,9.90798,52,526811,2969330,0,0,0,0,0,0,1.932418,3.264463,3.935688,28,400000,1003896
256,12,100000,readrandomwriterandom,3.165,1248455,0.32,2.134281,3.504223,3.979282,76,360000,955938,5.090506,9.34854,9.90798,52,526811,2969330,0,0,0,0,0,0,1.932418,3.264463,3.935688,28,400000,1003896
256,12,1000000,fillrandom,9.494,421295,9.495,,,,,,,,,,,,,,,,,,,,,,,,
256,16,100000,fillrandom,6.564,609041,0.657,2.186514,3.570018,3.993125,22,360000,970989,5.056942,9.317623,9.911708,925,528698,2975124,0,0,0,0,0,0,2.047003,3.441745,3.962171,24,400000,1036661
256,16,100000,seekrandomwhilewriting,3.78,1043977,0.383,2.186514,3.570018,3.993125,22,360000,970989,5.056942,9.317623,9.911708,925,528698,2975124,0,0,0,0,0,0,2.047003,3.441745,3.962171,24,400000,1036661
256,16,100000,readrandomwriterandom,3.243,1228105,0.326,2.186514,3.570018,3.993125,22,360000,970989,5.056942,9.317623,9.911708,925,528698,2975124,0,0,0,0,0,0,2.047003,3.441745,3.962171,24,400000,1036661
256,24,100000,fillrandom,6.921,577850,0.692,2.38115,3.783588,4.933002,80,360000,1042118,5.42278,9.533084,9.955389,650,525411,3134912,0,0,0,0,0,0,2.27053,3.702764,4.562014,23,400000,1112462
256,24,100000,seekrandomwhilewriting,3.944,1008186,0.397,2.38115,3.783588,4.933002,80,360000,1042118,5.42278,9.533084,9.955389,650,525411,3134912,0,0,0,0,0,0,2.27053,3.702764,4.562014,23,400000,1112462
256,24,100000,readrandomwriterandom,3.443,1158074,0.345,2.38115,3.783588,4.933002,80,360000,1042118,5.42278,9.533084,9.955389,650,525411,3134912,0,0,0,0,0,0,2.27053,3.702764,4.562014,23,400000,1112462
256,32,100000,fillrandom,6.921,577724,0.692,2.500798,3.891671,5.333475,80,360000,1090269,5.385875,9.531235,9.96335,75,526681,3134670,0,0,0,0,0,0,2.27302,3.727591,4.681065,22,400000,1112905
256,32,100000,seekrandomwhilewriting,3.932,1014499,0.394,2.500798,3.891671,5.333475,80,360000,1090269,5.385875,9.531235,9.96335,75,526681,3134670,0,0,0,0,0,0,2.27302,3.727591,4.681065,22,400000,1112905
256,32,100000,readrandomwriterandom,3.582,1109930,0.36,2.500798,3.891671,5.333475,80,360000,1090269,5.385875,9.531235,9.96335,75,526681,3134670,0,0,0,0,0,0,2.27302,3.727591,4.681065,22,400000,1112905
512,1,100000,fillrandom,6.832,585224,0.683,2.345686,3.735895,4.673005,68,360000,1026855,5.294548,9.487681,9.952874,55,526070,3084978,0,0,0,0,0,0,2.191762,3.599334,4.00288,23,400000,1082391
512,1,100000,seekrandomwhilewriting,3.894,1019713,0.392,2.345686,3.735895,4.673005,68,360000,1026855,5.294548,9.487681,9.952874,55,526070,3084978,0,0,0,0,0,0,2.191762,3.599334,4.00288,23,400000,1082391
512,1,100000,readrandomwriterandom,3.397,1168497,0.342,2.345686,3.735895,4.673005,68,360000,1026855,5.294548,9.487681,9.952874,55,526070,3084978,0,0,0,0,0,0,2.191762,3.599334,4.00288,23,400000,1082391
512,2,100000,fillrandom,6.864,582583,0.687,2.305135,3.719805,4.631246,121,360000,1010953,5.334872,9.487403,9.940961,105,526365,3118386,0,0,0,0,0,0,2.270056,3.73331,4.852546,21,400000,1113776
512,2,100000,seekrandomwhilewriting,4.056,973264,0.411,2.305135,3.719805,4.631246,121,360000,1010953,5.334872,9.487403,9.940961,105,526365,3118386,0,0,0,0,0,0,2.270056,3.73331,4.852546,21,400000,1113776
512,2,100000,readrandomwriterandom,3.347,1183915,0.338,2.305135,3.719805,4.631246,121,360000,1010953,5.334872,9.487403,9.940961,105,526365,3118386,0,0,0,0,0,0,2.270056,3.73331,4.852546,21,400000,1113776
512,4,100000,fillrandom,7.113,562238,0.711,2.299954,3.736667,4.717288,26,360000,1010519,5.583598,9.581688,9.964644,55,527826,3210614,0,0,0,0,0,0,2.286558,3.75854,4.857314,29,400000,1119619
512,4,100000,seekrandomwhilewriting,4.032,983656,0.407,2.299954,3.736667,4.717288,26,360000,1010519,5.583598,9.581688,9.964644,55,527826,3210614,0,0,0,0,0,0,2.286558,3.75854,4.857314,29,400000,1119619
512,4,100000,readrandomwriterandom,3.354,1186767,0.337,2.299954,3.736667,4.717288,26,360000,1010519,5.583598,9.581688,9.964644,55,527826,3210614,0,0,0,0,0,0,2.286558,3.75854,4.857314,29,400000,1119619
512,8,100000,fillrandom,7.309,546876,0.731,2.603129,3.992444,5.607168,26,360000,1135995,5.995395,9.659557,9.98537,50,526699,3322175,0,0,0,0,0,0,2.408814,3.86986,5.269508,81,400000,1171888
512,8,100000,seekrandomwhilewriting,4.177,949496,0.421,2.603129,3.992444,5.607168,26,360000,1135995,5.995395,9.659557,9.98537,50,526699,3322175,0,0,0,0,0,0,2.408814,3.86986,5.269508,81,400000,1171888
512,8,100000,readrandomwriterandom,3.732,1069733,0.374,2.603129,3.992444,5.607168,26,360000,1135995,5.995395,9.659557,9.98537,50,526699,3322175,0,0,0,0,0,0,2.408814,3.86986,5.269508,81,400000,1171888
512,12,100000,fillrandom,8.961,446292,0.896,2.474507,3.866013,5.192439,71,360000,1077865,7.31231,10.554007,14.204395,75,526532,3935229,0,0,0,0,0,0,2.341329,3.770636,4.781544,27,400000,1138423
512,12,100000,seekrandomwhilewriting,4.086,966344,0.414,2.474507,3.866013,5.192439,71,360000,1077865,7.31231,10.554007,14.204395,75,526532,3935229,0,0,0,0,0,0,2.341329,3.770636,4.781544,27,400000,1138423
512,12,100000,readrandomwriterandom,3.576,1109807,0.36,2.474507,3.866013,5.192439,71,360000,1077865,7.31231,10.554007,14.204395,75,526532,3935229,0,0,0,0,0,0,2.341329,3.770636,4.781544,27,400000,1138423
512,16,100000,fillrandom,9.537,419339,0.954,2.707798,4.385467,5.703304,22,360000,1180237,7.598504,12.723598,14.602209,117,526105,4204189,0,0,0,0,0,0,2.594718,3.998616,5.620492,75,400000,1259023
512,16,100000,seekrandomwhilewriting,4.483,878530,0.455,2.707798,4.385467,5.703304,22,360000,1180237,7.598504,12.723598,14.602209,117,526105,4204189,0,0,0,0,0,0,2.594718,3.998616,5.620492,75,400000,1259023
512,16,100000,readrandomwriterandom,3.925,1004086,0.398,2.707798,4.385467,5.703304,22,360000,1180237,7.598504,12.723598,14.602209,117,526105,4204189,0,0,0,0,0,0,2.594718,3.998616,5.620492,75,400000,1259023
512,24,100000,fillrandom,10.494,380782,1.05,7.390703,9.989668,14.117823,52,360000,2739035,8.781566,21.722798,32.610487,1004,525299,5617403,0,0,0,0,0,0,7.994461,13.480408,14.799212,53,400000,3400232
512,24,100000,seekrandomwhilewriting,12.4,321348,1.245,7.390703,9.989668,14.117823,52,360000,2739035,8.781566,21.722798,32.610487,1004,525299,5617403,0,0,0,0,0,0,7.994461,13.480408,14.799212,53,400000,3400232
512,24,100000,readrandomwriterandom,9.185,429530,0.931,7.390703,9.989668,14.117823,52,360000,2739035,8.781566,21.722798,32.610487,1004,525299,5617403,0,0,0,0,0,0,7.994461,13.480408,14.799212,53,400000,3400232
512,32,100000,fillrandom,23.077,173282,2.308,7.413196,9.96956,14.020828,56,360000,2738798,18.873873,32.028514,33.776382,344,525755,10209184,0,0,0,0,0,0,6.766307,9.811439,12.895145,129,400000,2823156
512,32,100000,seekrandomwhilewriting,10.312,383063,1.044,7.413196,9.96956,14.020828,56,360000,2738798,18.873873,32.028514,33.776382,344,525755,10209184,0,0,0,0,0,0,6.766307,9.811439,12.895145,129,400000,2823156
512,32,100000,readrandomwriterandom,9.17,428804,0.933,7.413196,9.96956,14.020828,56,360000,2738798,18.873873,32.028514,33.776382,344,525755,10209184,0,0,0,0,0,0,6.766307,9.811439,12.895145,129,400000,2823156
